-- MySQL dump 10.16  Distrib 10.1.16-MariaDB, for osx10.6 (i386)
--
-- Host: localhost    Database: TokoKoHong
-- ------------------------------------------------------
-- Server version	10.1.16-MariaDB

/*!40101 SET @OLD_CHARACTER_SET_CLIENT=@@CHARACTER_SET_CLIENT */;
/*!40101 SET @OLD_CHARACTER_SET_RESULTS=@@CHARACTER_SET_RESULTS */;
/*!40101 SET @OLD_COLLATION_CONNECTION=@@COLLATION_CONNECTION */;
/*!40101 SET NAMES utf8 */;
/*!40103 SET @OLD_TIME_ZONE=@@TIME_ZONE */;
/*!40103 SET TIME_ZONE='+00:00' */;
/*!40014 SET @OLD_UNIQUE_CHECKS=@@UNIQUE_CHECKS, UNIQUE_CHECKS=0 */;
/*!40014 SET @OLD_FOREIGN_KEY_CHECKS=@@FOREIGN_KEY_CHECKS, FOREIGN_KEY_CHECKS=0 */;
/*!40101 SET @OLD_SQL_MODE=@@SQL_MODE, SQL_MODE='NO_AUTO_VALUE_ON_ZERO' */;
/*!40111 SET @OLD_SQL_NOTES=@@SQL_NOTES, SQL_NOTES=0 */;

--
-- Table structure for table `barang`
--

DROP TABLE IF EXISTS `barang`;
/*!40101 SET @saved_cs_client     = @@character_set_client */;
/*!40101 SET character_set_client = utf8 */;
CREATE TABLE `barang` (
  `barangID` int(11) NOT NULL AUTO_INCREMENT,
  `nama` varchar(50) DEFAULT NULL,
  `harga_pokok` int(11) DEFAULT NULL,
  `aktif` int(11) DEFAULT '1',
  PRIMARY KEY (`barangID`)
) ENGINE=InnoDB AUTO_INCREMENT=44 DEFAULT CHARSET=latin1;
/*!40101 SET character_set_client = @saved_cs_client */;

--
-- Dumping data for table `barang`
--

LOCK TABLES `barang` WRITE;
/*!40000 ALTER TABLE `barang` DISABLE KEYS */;
INSERT INTO `barang` VALUES (26,'sendok',1000,1),(27,'garpu',990,1),(28,'piring',2980,1),(29,'piringrino',0,1),(30,'sendokrino',0,1),(31,'iniBarang',0,1),(32,'iniBarang2',0,1),(33,'iniBarang2',0,1),(34,'inibarang3',0,1),(35,'inibarang4',0,1),(36,'Boneka Beruang',0,1),(37,'Boneka Babi',0,1),(38,'baranglagi',0,1),(39,'Freddy goreng tepung',0,1),(40,'aqua',0,1),(41,'',0,1),(42,'objek',0,1),(43,'cobacoba',0,1);
/*!40000 ALTER TABLE `barang` ENABLE KEYS */;
UNLOCK TABLES;

--
-- Table structure for table `cicilanpembelian`
--

DROP TABLE IF EXISTS `cicilanpembelian`;
/*!40101 SET @saved_cs_client     = @@character_set_client */;
/*!40101 SET character_set_client = utf8 */;
CREATE TABLE `cicilanpembelian` (
  `cicilanpembelianID` int(11) NOT NULL AUTO_INCREMENT,
  `pembelianID` int(11) DEFAULT NULL,
  `tanggal_cicilan` date DEFAULT NULL,
  `nominal` int(11) DEFAULT NULL,
  `notes` varchar(100) DEFAULT NULL,
  `cara_pembayaran` varchar(30) DEFAULT NULL,
  `bank` varchar(30) DEFAULT NULL,
  `nomor_giro` varchar(30) DEFAULT NULL,
  `tanggal_pencairan` date DEFAULT NULL,
  `karyawanID` int(11) DEFAULT NULL,
  `voucherID` int(11) DEFAULT NULL,
  PRIMARY KEY (`cicilanpembelianID`),
  KEY `CICILAN_PEMBELIAN_FK` (`pembelianID`),
  KEY `FK_KARYAWAN_CICILANPEMBELIAN` (`karyawanID`),
  CONSTRAINT `CICILAN_PEMBELIAN_FK` FOREIGN KEY (`pembelianID`) REFERENCES `pembelian` (`pembelianID`),
  CONSTRAINT `FK_KARYAWAN_CICILANPEMBELIAN` FOREIGN KEY (`karyawanID`) REFERENCES `karyawan` (`karyawanID`)
) ENGINE=InnoDB AUTO_INCREMENT=3 DEFAULT CHARSET=latin1;
/*!40101 SET character_set_client = @saved_cs_client */;

--
-- Dumping data for table `cicilanpembelian`
--

LOCK TABLES `cicilanpembelian` WRITE;
/*!40000 ALTER TABLE `cicilanpembelian` DISABLE KEYS */;
INSERT INTO `cicilanpembelian` VALUES (1,75,'2016-12-05',9000,NULL,'retur',NULL,NULL,NULL,7,NULL),(2,74,'2016-12-05',9000,NULL,'retur',NULL,NULL,NULL,7,NULL);
/*!40000 ALTER TABLE `cicilanpembelian` ENABLE KEYS */;
UNLOCK TABLES;

--
-- Table structure for table `cicilanpenjualan`
--

DROP TABLE IF EXISTS `cicilanpenjualan`;
/*!40101 SET @saved_cs_client     = @@character_set_client */;
/*!40101 SET character_set_client = utf8 */;
CREATE TABLE `cicilanpenjualan` (
  `cicilanpenjualanID` int(11) NOT NULL AUTO_INCREMENT,
  `penjualanID` int(11) DEFAULT NULL,
  `tanggal_cicilan` date DEFAULT NULL,
  `nominal` int(11) DEFAULT NULL,
  `notes` varchar(100) DEFAULT NULL,
  `cara_pembayaran` varchar(30) DEFAULT NULL,
  `bank` varchar(30) DEFAULT NULL,
  `nomor_giro` varchar(30) DEFAULT NULL,
  `tanggal_pencairan` date DEFAULT NULL,
  `karyawanID` int(11) DEFAULT NULL,
  `voucherID` int(11) DEFAULT NULL,
  PRIMARY KEY (`cicilanpenjualanID`),
  KEY `CICILAN_PENJUALAN_FK` (`penjualanID`),
  KEY `FK_KARYAWAN_CICILANPENJUALAN` (`karyawanID`),
  CONSTRAINT `CICILAN_PENJUALAN_FK` FOREIGN KEY (`penjualanID`) REFERENCES `penjualan` (`penjualanID`),
  CONSTRAINT `FK_KARYAWAN_CICILANPENJUALAN` FOREIGN KEY (`karyawanID`) REFERENCES `karyawan` (`karyawanID`)
) ENGINE=InnoDB DEFAULT CHARSET=latin1;
/*!40101 SET character_set_client = @saved_cs_client */;

--
-- Dumping data for table `cicilanpenjualan`
--

LOCK TABLES `cicilanpenjualan` WRITE;
/*!40000 ALTER TABLE `cicilanpenjualan` DISABLE KEYS */;
/*!40000 ALTER TABLE `cicilanpenjualan` ENABLE KEYS */;
UNLOCK TABLES;

--
-- Table structure for table `hakakses`
--

DROP TABLE IF EXISTS `hakakses`;
/*!40101 SET @saved_cs_client     = @@character_set_client */;
/*!40101 SET character_set_client = utf8 */;
CREATE TABLE `hakakses` (
  `hakaksesID` int(11) NOT NULL AUTO_INCREMENT,
  `karyawanID` int(11) DEFAULT NULL,
  `nama` varchar(30) DEFAULT NULL,
  PRIMARY KEY (`hakaksesID`),
  KEY `KARYAWAN_AKSES_FK` (`karyawanID`),
  CONSTRAINT `KARYAWAN_AKSES_FK` FOREIGN KEY (`karyawanID`) REFERENCES `karyawan` (`karyawanID`)
) ENGINE=InnoDB AUTO_INCREMENT=68 DEFAULT CHARSET=latin1;
/*!40101 SET character_set_client = @saved_cs_client */;

--
-- Dumping data for table `hakakses`
--

LOCK TABLES `hakakses` WRITE;
/*!40000 ALTER TABLE `hakakses` DISABLE KEYS */;
INSERT INTO `hakakses` VALUES (7,2,'StokBarang'),(8,2,'LaporanPenjualan'),(9,2,'Hutang'),(10,2,'Piutang'),(11,2,'laba'),(12,2,'DaftarSupplier'),(13,2,'DaftarPelanggan'),(14,2,'DaftarKaryawan'),(36,6,'daftar_pelanggan'),(37,6,'stok'),(38,6,'daftar_supplier'),(39,6,'hutang'),(40,6,'piutang'),(41,2,'PembelianBaru'),(42,2,'LaporanPembelian'),(43,2,'PenjualanBaru'),(44,7,'StokBarang'),(45,7,'BarangTerjualTerbanyak'),(46,7,'HargaPokokLaba'),(47,7,'LaporanPenjualan'),(48,7,'LaporanPembelian'),(49,7,'PembelianBaru'),(50,7,'PenjualanBaru'),(51,7,'EditPenjualan'),(52,7,'EditPembelian'),(53,7,'ReturPenjualan'),(54,7,'ReturPembelian'),(55,7,'Hutang'),(56,7,'Piutang'),(57,7,'DaftarPelanggan'),(58,7,'DaftarPembeliTerbanyak'),(59,7,'DaftarSupplier'),(60,7,'DaftarKaryawan'),(61,8,'LaporanPenjualan'),(62,8,'LaporanPembelian'),(63,8,'Hutang'),(64,8,'Piutang'),(65,8,'DaftarPelanggan'),(66,8,'DaftarPembeliTerbanyak'),(67,8,'DaftarSupplier');
/*!40000 ALTER TABLE `hakakses` ENABLE KEYS */;
UNLOCK TABLES;

--
-- Table structure for table `karyawan`
--

DROP TABLE IF EXISTS `karyawan`;
/*!40101 SET @saved_cs_client     = @@character_set_client */;
/*!40101 SET character_set_client = utf8 */;
CREATE TABLE `karyawan` (
  `karyawanID` int(11) NOT NULL AUTO_INCREMENT,
  `nama` varchar(50) DEFAULT NULL,
  `telp` varchar(20) DEFAULT NULL,
  `alamat` varchar(100) DEFAULT NULL,
  `username` varchar(20) DEFAULT NULL,
  `password` varchar(40) DEFAULT NULL,
  `status` varchar(20) DEFAULT NULL,
  PRIMARY KEY (`karyawanID`)
) ENGINE=InnoDB AUTO_INCREMENT=9 DEFAULT CHARSET=latin1;
/*!40101 SET character_set_client = @saved_cs_client */;

--
-- Dumping data for table `karyawan`
--

LOCK TABLES `karyawan` WRITE;
/*!40000 ALTER TABLE `karyawan` DISABLE KEYS */;
INSERT INTO `karyawan` VALUES (2,'billy bonkas','0841239417','Jl. PuKer 19','billy','c6251ebcd58dc724f505c04ee133c66f','aktif'),(3,'pypqwefqwf','081234812639784','jl samting','streamz','abcde','inaktif'),(5,'ari ganteng','0812345','Jl pewpewpewpew','leonspirit','ariari','aktif'),(6,'ariari','081234812639784','jl gatau','disisis','abcde','aktif'),(7,'ari','028301283','qlewfjqewopjf','ari','f0ba8f9f389484af6f1a6ccc62a645d0','aktif'),(8,'tester','0841234567','jl samting','testers','4c330b7f0dcaf41afcbc3bfa53591d0d','aktif');
/*!40000 ALTER TABLE `karyawan` ENABLE KEYS */;
UNLOCK TABLES;

--
-- Table structure for table `pelanggan`
--

DROP TABLE IF EXISTS `pelanggan`;
/*!40101 SET @saved_cs_client     = @@character_set_client */;
/*!40101 SET character_set_client = utf8 */;
CREATE TABLE `pelanggan` (
  `pelangganID` int(11) NOT NULL AUTO_INCREMENT,
  `nama` varchar(50) DEFAULT NULL,
  `telp` varchar(20) DEFAULT NULL,
  `alamat` varchar(100) DEFAULT NULL,
  `aktif` int(11) DEFAULT '1',
  PRIMARY KEY (`pelangganID`)
) ENGINE=InnoDB AUTO_INCREMENT=1008 DEFAULT CHARSET=latin1;
/*!40101 SET character_set_client = @saved_cs_client */;

--
-- Dumping data for table `pelanggan`
--

LOCK TABLES `pelanggan` WRITE;
/*!40000 ALTER TABLE `pelanggan` DISABLE KEYS */;
INSERT INTO `pelanggan` VALUES (1,'Arianto Wibowo','0839183234','Jl Babatan Mutki M 72',1),(4,'pyupyupyu','08123423','Jl. PyuPyuPyu',1),(5,'tester','081234','myhome',1),(6,'testses','08413241234','pyuyupyu',1),(7,'Brandon Campbell','86-(681)511-1752','82637 West Circle',1),(8,'Andrea Cox','27-(931)403-8194','249 Hauk Point',1),(9,'Ronald Grant','33-(959)401-5215','33232 Annamark Trail',1),(10,'Teresa Rogers','62-(775)910-6968','9689 Katie Hill',1),(11,'Christopher Ross','86-(882)340-1758','35 Pierstorff Crossing',1),(12,'Beverly Harvey','81-(842)132-8639','032 Express Junction',1),(13,'Wanda Alvarez','55-(213)769-9546','9 Pennsylvania Alley',1),(14,'Kathy Snyder','63-(621)664-2949','8 Clyde Gallagher Terrace',1),(15,'James White','55-(942)885-9684','7 Nelson Alley',1),(16,'Peter Simpson','86-(686)784-8210','2 Anderson Hill',1),(17,'Christine Nichols','86-(689)580-3411','373 Grover Lane',1),(18,'Roy Howell','81-(822)685-1117','8894 Comanche Junction',1),(19,'Kenneth Jenkins','358-(688)359-7669','15 Vera Plaza',1),(20,'Bonnie Richards','86-(350)478-9113','759 Dexter Parkway',1),(21,'Steven Howell','7-(567)214-4487','50 Corben Hill',1),(22,'Robin Ward','1-(745)367-0192','3 Hintze Crossing',1),(23,'Tina Evans','86-(889)746-3189','77 Little Fleur Terrace',1),(24,'Helen Richards','62-(458)575-7010','3091 Sunnyside Place',1),(25,'Jean Morgan','86-(880)500-1510','55507 Badeau Drive',1),(26,'Fred Alexander','86-(286)860-5084','941 Ilene Avenue',1),(27,'Helen Anderson','970-(236)961-4363','59 Monument Parkway',1),(28,'Amanda Green','1-(312)145-2382','277 Ridgeway Plaza',1),(29,'Martha Willis','355-(831)397-8919','5 Morrow Drive',1),(30,'Kathryn Perry','62-(597)345-0040','1 7th Pass',1),(31,'Harry Garcia','255-(951)709-8888','118 Del Mar Trail',1),(32,'Jean Matthews','86-(670)219-8822','440 Dennis Plaza',1),(33,'Paul Gray','51-(605)316-3986','40489 Rusk Crossing',1),(34,'Todd Murphy','86-(488)173-8069','249 Walton Road',1),(35,'Roy Romero','30-(976)394-5572','041 Little Fleur Parkway',1),(36,'Todd Ramirez','86-(207)718-3175','4 Knutson Road',1),(37,'Debra Willis','1-(447)215-7752','8114 Farmco Plaza',1),(38,'Peter Stanley','351-(244)523-4338','5035 Spaight Junction',1),(39,'Earl Carpenter','86-(149)336-8858','898 Forest Circle',1),(40,'Michael Fields','84-(516)806-5068','533 Jackson Way',1),(41,'Edward Jacobs','86-(718)705-4311','9 Schiller Place',1),(42,'Jessica Black','356-(482)626-7740','13 Fremont Trail',1),(43,'Earl Collins','86-(176)326-6829','60767 Warner Road',1),(44,'Steven Ray','98-(931)633-5409','05 Sheridan Pass',1),(45,'Martha Howard','234-(758)431-0219','1 Sunbrook Pass',1),(46,'Shirley Henderson','46-(361)409-2275','25332 Oakridge Hill',1),(47,'Jimmy Mcdonald','55-(293)590-9942','93969 Comanche Alley',1),(48,'Denise Fisher','230-(600)659-6111','4268 Blue Bill Park Avenue',1),(49,'Paul Weaver','57-(990)861-5131','28464 Merrick Park',1),(50,'Brenda Mason','55-(981)775-8904','24327 Weeping Birch Crossing',1),(51,'Sara Gonzalez','380-(524)727-0402','322 Cardinal Drive',1),(52,'Timothy Cook','353-(320)622-2531','33072 Shelley Place',1),(53,'Shawn Ford','55-(941)690-4337','04 Saint Paul Way',1),(54,'Juan Frazier','55-(818)992-7660','0 Center Trail',1),(55,'Kathy Reyes','86-(627)364-9124','430 Scott Avenue',1),(56,'Harold Jackson','63-(944)300-7318','3 Di Loreto Court',1),(57,'Billy Edwards','230-(259)957-2601','3 Farmco Plaza',1),(58,'Denise Green','30-(677)616-0555','160 Warrior Parkway',1),(59,'Angela Kennedy','86-(603)657-6799','2687 Farragut Pass',1),(60,'Bruce Rivera','33-(826)154-3495','2 Luster Lane',1),(61,'Carol Welch','1-(315)748-9858','2 Crest Line Pass',1),(62,'Bruce Stephens','55-(393)980-0875','6018 Cottonwood Court',1),(63,'Jeffrey Wright','63-(994)981-5178','80 Becker Pass',1),(64,'Edward Green','86-(586)284-6079','22206 Randy Parkway',1),(65,'Michael Foster','387-(456)868-3769','4785 Mockingbird Hill',1),(66,'Stephen Hunt','370-(176)630-1362','7 Mariners Cove Street',1),(67,'Angela Rice','86-(335)456-3803','6198 Summerview Circle',1),(68,'Pamela Olson','27-(951)351-9880','97892 Parkside Avenue',1),(69,'Jack Roberts','62-(735)475-9258','26 Oriole Terrace',1),(70,'Jacqueline Fox','57-(342)450-8341','3721 Crownhardt Crossing',1),(71,'Daniel Murphy','351-(504)239-4882','655 Ridge Oak Avenue',1),(72,'Lori Lawson','86-(594)980-5739','483 Pawling Drive',1),(73,'Doris Hughes','86-(533)937-6872','79 Aberg Drive',1),(74,'Walter Ferguson','380-(131)391-9738','483 Prentice Point',1),(75,'Earl Lewis','975-(516)441-8975','083 Acker Place',1),(76,'Charles Stone','62-(256)307-1278','628 1st Drive',1),(77,'Brandon Peters','62-(127)513-2184','68 Dawn Park',1),(78,'Beverly Lewis','81-(683)307-9994','55 Evergreen Way',1),(79,'Linda Mendoza','48-(592)627-6114','47 Iowa Parkway',1),(80,'Joyce Franklin','7-(931)151-1573','428 Cherokee Lane',1),(81,'Jimmy Hicks','86-(958)228-6664','333 Heath Parkway',1),(82,'Todd Ortiz','33-(953)924-5487','76 Steensland Drive',1),(83,'Philip Hughes','31-(471)370-1166','021 Debra Road',1),(84,'Shawn Wells','62-(386)681-3482','35786 Twin Pines Point',1),(85,'Shirley Hart','84-(791)780-3090','300 Melody Crossing',1),(86,'Melissa Lee','33-(495)761-6969','151 Sunbrook Plaza',1),(87,'Jerry Dixon','86-(631)881-5582','352 Orin Plaza',1),(88,'Melissa Meyer','48-(468)931-3268','3546 Elgar Parkway',1),(89,'Jeremy Grant','504-(982)349-7922','27 Rockefeller Alley',1),(90,'Craig Thomas','7-(170)516-8780','2110 West Crossing',1),(91,'Amanda Griffin','58-(918)303-0362','3 Springs Road',1),(92,'Eric Williams','389-(199)186-3374','6784 Parkside Road',1),(93,'Kathy Cunningham','86-(698)552-4463','0 Paget Road',1),(94,'Roger Stewart','7-(781)912-0977','9 Bluestem Parkway',1),(95,'Mildred Watson','33-(486)876-4701','87106 Charing Cross Drive',1),(96,'Ronald Kelly','375-(244)791-6398','19118 Onsgard Terrace',1),(97,'Jeremy Smith','967-(783)983-7765','99 Iowa Road',1),(98,'Nicole Reyes','374-(311)601-0185','12044 Southridge Pass',1),(99,'Jeffrey George','7-(335)804-4348','53491 Morning Court',1),(100,'Janet Allen','225-(471)318-9437','1796 Sheridan Court',1),(101,'Marie Peterson','86-(565)908-9039','5776 Onsgard Alley',1),(102,'Christine Flores','62-(365)620-4077','0457 Jana Street',1),(103,'Stephanie Carter','81-(551)147-6107','54 Rusk Lane',1),(104,'Eric Jones','62-(179)945-4961','30976 3rd Park',1),(105,'Rebecca Black','976-(234)781-6368','8540 Schmedeman Way',1),(106,'Bobby Dixon','86-(772)200-3167','1928 Fulton Lane',1),(107,'Jesse Coleman','34-(702)297-1995','41 Lakewood Circle',1),(108,'Sean Tucker','591-(983)797-8720','5 Eastlawn Pass',1),(109,'Frances Fernandez','30-(375)498-9536','521 Rutledge Crossing',1),(110,'Brian Rose','62-(351)735-5281','1931 Fallview Road',1),(111,'Doris Clark','54-(912)244-8799','61058 Dapin Center',1),(112,'Albert Hamilton','86-(219)867-3944','1777 Drewry Crossing',1),(113,'Kenneth Wheeler','48-(182)358-1371','217 Riverside Plaza',1),(114,'Shirley Ray','62-(495)539-9459','011 Orin Parkway',1),(115,'Philip Nichols','380-(412)875-9718','91 Ridge Oak Road',1),(116,'Edward Foster','55-(862)890-8041','8 Spenser Point',1),(117,'Juan Woods','86-(555)701-5421','23 Swallow Point',1),(118,'Barbara Shaw','998-(817)351-3325','88 Fairfield Place',1),(119,'Emily Kennedy','7-(432)358-5064','5 Spaight Court',1),(120,'Earl Morgan','1-(537)439-4712','469 Caliangt Alley',1),(121,'Julie Fisher','351-(408)976-2592','817 Macpherson Park',1),(122,'Karen Watkins','81-(625)632-6585','4901 Lillian Center',1),(123,'Debra Garcia','86-(654)547-5296','8626 Reinke Junction',1),(124,'Jean Dixon','386-(480)174-5250','0 Hollow Ridge Plaza',1),(125,'Roger Knight','380-(900)378-0324','1598 Oak Valley Place',1),(126,'Jeffrey Marshall','63-(499)199-4845','76623 Kedzie Street',1),(127,'Kathy Hughes','7-(434)203-3788','24507 Fieldstone Parkway',1),(128,'Willie Jenkins','55-(982)980-2922','66834 Paget Drive',1),(129,'Karen Chavez','670-(815)260-8415','5740 Cambridge Point',1),(130,'Jeffrey Lynch','63-(609)455-2280','2 Sachtjen Avenue',1),(131,'Kathy Myers','62-(282)516-8767','1421 Village Green Junction',1),(132,'Nancy Lawrence','502-(222)247-7806','409 Iowa Lane',1),(133,'Joseph Perez','242-(532)827-9732','22273 6th Road',1),(134,'Judith Phillips','63-(544)109-1830','76 Starling Circle',1),(135,'Irene James','7-(751)561-5890','015 Daystar Circle',1),(136,'Kathy Thomas','33-(955)731-4543','7214 High Crossing Parkway',1),(137,'Anthony Allen','86-(524)981-3555','62 Jenifer Place',1),(138,'Anna Lee','30-(581)726-9818','6 Goodland Point',1),(139,'Ryan Robinson','594-(193)633-6417','18989 Kenwood Way',1),(140,'Dorothy Duncan','48-(438)556-7260','2323 Chinook Pass',1),(141,'Billy Dunn','81-(364)774-5827','31 Independence Way',1),(142,'Emily Hughes','62-(813)929-3160','64931 Corscot Avenue',1),(143,'Michael Boyd','33-(396)977-4669','148 Barby Point',1),(144,'Cynthia Simmons','86-(107)688-4156','4614 Buhler Place',1),(145,'Jonathan Little','1-(248)212-3898','00432 Hanson Plaza',1),(146,'Jesse Wright','63-(771)395-9427','9 Mallard Road',1),(147,'Carl Bennett','62-(270)569-6747','67454 Merchant Park',1),(148,'Janice Wood','886-(392)533-4408','99 Beilfuss Court',1),(149,'Brian Bell','86-(693)789-8903','38850 Crownhardt Avenue',1),(150,'Anne Gibson','55-(260)607-6086','50 Fairview Alley',1),(151,'Irene Howard','62-(302)725-0889','01069 Riverside Court',1),(152,'Peter Nichols','66-(352)198-6692','6 Golf View Alley',1),(153,'Donna Phillips','55-(681)448-1704','487 Pearson Trail',1),(154,'Thomas Meyer','380-(221)985-5858','5961 Trailsway Junction',1),(155,'Kimberly Fowler','86-(337)900-8925','6538 Meadow Valley Hill',1),(156,'Carolyn Grant','66-(132)289-5014','84 Springview Avenue',1),(157,'Denise Bradley','212-(610)599-4543','7 Novick Way',1),(158,'Jack Stewart','63-(734)143-5339','71 Logan Way',1),(159,'Anna Bishop','994-(222)470-5242','2 Chinook Alley',1),(160,'Heather Grant','86-(800)973-7527','17953 Caliangt Trail',1),(161,'Lisa Ellis','66-(762)432-6272','09 Carey Terrace',1),(162,'Keith Sanders','880-(394)684-6021','32898 Hooker Point',1),(163,'Edward Moreno','33-(275)992-0989','20 Westerfield Crossing',1),(164,'Douglas Carr','420-(724)186-8649','788 Roth Street',1),(165,'Juan Duncan','591-(241)638-4589','462 Sundown Park',1),(166,'Gregory Clark','62-(666)144-8708','3795 Manitowish Place',1),(167,'Sharon Fields','98-(795)106-8879','9191 High Crossing Place',1),(168,'Kimberly Walker','46-(511)379-5376','85291 Maryland Center',1),(169,'Shawn Burke','81-(231)158-3917','35204 Iowa Pass',1),(170,'Emily Franklin','86-(974)830-6336','1709 Oak Valley Circle',1),(171,'Sara Rogers','86-(643)925-5078','911 Moulton Plaza',1),(172,'Ralph Banks','381-(925)576-0470','84 Warrior Lane',1),(173,'Ruby Sims','27-(127)633-6716','31701 Hintze Point',1),(174,'Clarence Rice','1-(813)203-0524','22097 Aberg Center',1),(175,'Paula Johnson','86-(551)281-0030','070 Pine View Trail',1),(176,'Beverly Williams','62-(861)881-4590','2 Dryden Road',1),(177,'Raymond Allen','353-(237)418-0955','59 Sauthoff Circle',1),(178,'Teresa Peters','86-(519)705-3269','4282 Mcguire Plaza',1),(179,'Julie Wallace','31-(807)721-2003','3 Golden Leaf Place',1),(180,'Betty Hawkins','685-(166)359-9756','7 Longview Road',1),(181,'Jonathan Hart','92-(418)106-8738','0 Hermina Pass',1),(182,'Wayne Arnold','387-(275)163-8452','186 Corry Pass',1),(183,'Ruth Garcia','380-(128)572-6317','50 Waxwing Plaza',1),(184,'Daniel Diaz','7-(600)846-3774','52 Bowman Way',1),(185,'Scott Watkins','231-(850)841-3146','845 School Junction',1),(186,'Terry Arnold','66-(282)489-9775','9 Hudson Road',1),(187,'Ernest Kelly','380-(347)104-9389','57 Schiller Court',1),(188,'Todd Andrews','995-(226)689-1949','9 Darwin Junction',1),(189,'Helen Armstrong','57-(727)842-0689','33591 Prairie Rose Junction',1),(190,'Wanda Brown','98-(646)423-2198','4334 Dwight Trail',1),(191,'Frances Gonzalez','86-(702)930-2217','767 Twin Pines Junction',1),(192,'Debra Stanley','52-(254)714-2391','3407 Mccormick Junction',1),(193,'Alan Walker','967-(499)299-1151','6 Bultman Park',1),(194,'Phyllis Howard','55-(600)614-5291','11 Jay Circle',1),(195,'Sean Pierce','236-(897)202-2745','264 Marcy Center',1),(196,'Timothy Gilbert','62-(860)292-3687','98 Linden Terrace',1),(197,'Susan Vasquez','63-(667)806-3876','026 Menomonie Way',1),(198,'Willie Mcdonald','86-(830)516-3047','90315 Evergreen Avenue',1),(199,'Joyce Carter','7-(341)878-3445','4895 Fair Oaks Pass',1),(200,'Cynthia Hill','7-(245)889-9038','728 Anhalt Avenue',1),(201,'Linda Jones','62-(978)651-3409','1 Pankratz Point',1),(202,'Mary Kelly','46-(809)360-2898','0489 Dennis Alley',1),(203,'Carl Welch','380-(106)837-2405','4347 Evergreen Trail',1),(204,'Raymond Hansen','60-(895)659-7281','6 Becker Center',1),(205,'Paula James','234-(239)718-4211','247 Pearson Terrace',1),(206,'Willie Spencer','86-(802)292-9853','21579 Columbus Street',1),(207,'Peter Harper','63-(778)151-4415','6 Bashford Court',1),(208,'Jeremy Austin','46-(332)466-4197','86279 Del Sol Center',1),(209,'Rose Jackson','7-(935)605-9789','21755 6th Parkway',1),(210,'Andrea George','420-(367)134-8607','56379 School Avenue',1),(211,'Sharon Cole','216-(956)363-1228','4265 Fallview Street',1),(212,'John Butler','62-(860)955-9940','60051 Spohn Circle',1),(213,'Bonnie Gonzalez','46-(972)276-4393','9 Dryden Plaza',1),(214,'Steven Medina','92-(858)262-6428','7199 Canary Terrace',1),(215,'Russell Clark','421-(757)127-0110','67867 Badeau Pass',1),(216,'Steven Robinson','353-(888)696-7289','8 Center Center',1),(217,'George Olson','7-(328)363-6920','63851 Cascade Place',1),(218,'Bruce Miller','33-(798)298-4098','3 Loomis Point',1),(219,'Jason Fields','47-(499)783-8243','45 Stone Corner Court',1),(220,'Christopher Mccoy','30-(400)515-5094','8 Oak Circle',1),(221,'Jonathan Stephens','63-(904)792-9956','2527 Lighthouse Bay Pass',1),(222,'Bobby Hunter','63-(826)757-4112','941 Ridgeview Road',1),(223,'Ruth Harvey','31-(547)277-6244','2189 Bultman Circle',1),(224,'Marilyn Ryan','81-(617)810-0295','80 Moose Drive',1),(225,'Aaron Wood','57-(771)199-2668','02 Sycamore Drive',1),(226,'Ann Gordon','86-(478)464-0022','414 Haas Drive',1),(227,'Raymond Thomas','48-(455)803-5668','3528 Corscot Avenue',1),(228,'Andrea Kelley','33-(685)586-2903','995 Knutson Point',1),(229,'Alice Elliott','46-(403)331-5255','01 Dayton Junction',1),(230,'James Davis','86-(617)772-9190','28347 Bellgrove Parkway',1),(231,'Dorothy Larson','81-(815)911-3216','68 Susan Junction',1),(232,'Judy Ryan','27-(551)193-0914','86 Pennsylvania Avenue',1),(233,'Frances Bowman','358-(849)653-4075','08 Muir Crossing',1),(234,'Amy Brooks','55-(802)134-4507','9739 Hermina Circle',1),(235,'Frank Carroll','62-(207)536-8961','9105 Hudson Junction',1),(236,'Lisa Willis','971-(989)378-6659','9940 Graceland Drive',1),(237,'Julie Ellis','86-(422)698-1673','341 Golf Crossing',1),(238,'Andrea Reed','86-(245)508-8871','19 Moland Terrace',1),(239,'Gerald Ford','86-(692)315-4392','756 Surrey Center',1),(240,'Gloria Riley','30-(252)433-4971','7 Corben Road',1),(241,'Beverly Romero','86-(237)710-4390','1 Raven Park',1),(242,'Evelyn Weaver','62-(400)334-8597','3186 Jackson Drive',1),(243,'Jose Myers','62-(831)449-0687','62535 Reindahl Plaza',1),(244,'Lawrence Taylor','53-(150)224-4956','0704 Dayton Parkway',1),(245,'Diana Matthews','62-(739)812-2863','1 Anzinger Alley',1),(246,'Laura Myers','62-(891)652-0447','92484 Jackson Place',1),(247,'Brenda Fowler','63-(584)649-3383','73 Shopko Parkway',1),(248,'Willie Hamilton','62-(537)420-5652','29 Montana Avenue',1),(249,'Bruce Garza','255-(270)513-4417','1064 Gulseth Pass',1),(250,'James Hicks','86-(434)935-1780','2238 Hanson Alley',1),(251,'Rebecca Bishop','86-(215)879-1114','5 Graedel Pass',1),(252,'Shirley Howell','33-(652)190-8179','6548 Vera Parkway',1),(253,'Teresa Hernandez','53-(276)630-1128','8 Reinke Circle',1),(254,'Anthony Martinez','234-(364)810-2170','8 Duke Hill',1),(255,'Anne Harvey','62-(534)633-5455','14448 Mallory Parkway',1),(256,'Eugene Ryan','63-(902)912-8561','866 Brentwood Plaza',1),(257,'Clarence Gutierrez','86-(488)745-5003','79765 Eliot Circle',1),(258,'Rebecca Williamson','7-(925)563-0165','80195 Merrick Way',1),(259,'Norma Webb','81-(312)381-7573','05 Canary Junction',1),(260,'Judy Arnold','504-(164)314-2653','7637 Tomscot Drive',1),(261,'Stephanie Rogers','57-(403)992-7453','2 Sutteridge Court',1),(262,'Sarah Morrison','351-(796)813-0541','9642 Sage Plaza',1),(263,'Sean Harper','63-(786)341-0101','28 Warbler Parkway',1),(264,'Jennifer Russell','63-(789)591-1519','0960 Brown Street',1),(265,'Janice Lawson','98-(559)957-5740','0 Schlimgen Circle',1),(266,'Patricia Williamson','54-(704)210-6991','2797 Hintze Plaza',1),(267,'Ashley Martinez','86-(703)277-5230','0 Shopko Point',1),(268,'Susan Alexander','86-(786)929-0167','7 Talmadge Street',1),(269,'Joyce Turner','351-(466)494-7050','36527 Pankratz Center',1),(270,'Martha Kim','86-(777)991-8001','77 Sherman Center',1),(271,'Victor Watkins','7-(436)150-4706','22 Kim Drive',1),(272,'Cynthia Young','86-(828)981-5376','50 Warner Street',1),(273,'Brian Gonzales','86-(497)760-8049','66958 Fisk Park',1),(274,'Dennis Foster','7-(302)860-3079','8219 Everett Crossing',1),(275,'Jason Marshall','60-(371)638-0819','8 Meadow Vale Avenue',1),(276,'Todd Fox','234-(941)331-5618','8219 Derek Park',1),(277,'Amy Butler','93-(826)882-1253','14678 Gateway Point',1),(278,'Linda Chavez','33-(680)605-4692','83408 Clemons Drive',1),(279,'Anna Bishop','502-(764)635-3845','6684 Village Green Alley',1),(280,'Jonathan Boyd','351-(351)471-0284','42525 Gulseth Point',1),(281,'Deborah Dunn','66-(577)918-8157','70 Anthes Plaza',1),(282,'David Patterson','970-(123)478-8877','96 Magdeline Way',1),(283,'Matthew Cruz','20-(653)683-7710','38337 Express Drive',1),(284,'Patrick Hart','62-(957)613-5325','0 Almo Avenue',1),(285,'Linda Rose','236-(938)283-8587','19667 Glacier Hill Junction',1),(286,'Christopher Griffin','30-(940)685-8809','0 Rusk Lane',1),(287,'Robin Fernandez','62-(697)260-2699','8156 Service Lane',1),(288,'Nicole Hawkins','46-(617)232-8803','0228 Bunker Hill Park',1),(289,'Raymond Clark','420-(302)905-5129','8530 Warrior Hill',1),(290,'Louise Flores','216-(505)192-7275','80 Ludington Road',1),(291,'Matthew Rogers','66-(360)565-0526','3 Michigan Trail',1),(292,'Anthony Banks','389-(461)413-1175','94685 Hauk Point',1),(293,'Roy Torres','93-(502)540-9806','2 Swallow Point',1),(294,'Christine Perry','86-(627)465-3280','0323 Fairfield Crossing',1),(295,'Jesse Wallace','291-(769)641-0971','8 Golf View Crossing',1),(296,'Jason Fisher','63-(257)290-2496','59 Brickson Park Parkway',1),(297,'Michael Spencer','86-(124)872-1055','90683 Shopko Pass',1),(298,'Alice Nelson','55-(592)520-6235','2 Northwestern Plaza',1),(299,'Rose Franklin','86-(232)759-2673','7065 Loomis Terrace',1),(300,'Nicole Payne','1-(679)213-6696','9297 Myrtle Pass',1),(301,'Anna Armstrong','7-(577)587-6077','643 Elka Pass',1),(302,'Timothy Nichols','63-(575)854-0465','8093 Hintze Park',1),(303,'Louis Hicks','86-(406)199-4891','95 Mockingbird Plaza',1),(304,'Jonathan Roberts','386-(515)356-3304','5 Westerfield Avenue',1),(305,'Susan Martinez','55-(214)484-2922','64187 Continental Road',1),(306,'Lawrence Jackson','502-(588)547-0692','83 Mitchell Trail',1),(307,'Tammy Ryan','237-(296)614-5594','4 Ryan Parkway',1),(308,'Andrea Fox','976-(515)631-3087','39 Glacier Hill Point',1),(309,'Harold Hawkins','62-(444)142-6751','71 Donald Center',1),(310,'Sean Parker','1-(599)611-9685','5472 Mitchell Circle',1),(311,'Janet Castillo','1-(249)650-0328','4117 Swallow Way',1),(312,'Steven Butler','234-(104)550-0986','2587 High Crossing Avenue',1),(313,'Clarence Arnold','86-(425)423-4916','84002 Sommers Drive',1),(314,'Bobby Nguyen','970-(623)174-0842','6302 Fuller Parkway',1),(315,'Frances Elliott','7-(920)213-9801','35 School Point',1),(316,'Gerald Henderson','66-(795)309-4143','49723 Chinook Center',1),(317,'Anthony Fernandez','1-(317)183-4013','95 Burrows Avenue',1),(318,'Joan Sullivan','86-(881)770-9594','323 Blue Bill Park Place',1),(319,'Margaret Ford','86-(137)714-2736','48 Nancy Park',1),(320,'Kevin Stevens','380-(882)718-1277','84 Mesta Circle',1),(321,'Andrea Peters','351-(374)855-9164','305 Macpherson Trail',1),(322,'Cynthia Hayes','53-(292)168-8454','5686 Dwight Place',1),(323,'Catherine Moreno','54-(336)538-7907','3852 Tennyson Way',1),(324,'Shawn Morrison','62-(205)690-1409','0448 Judy Park',1),(325,'Johnny Duncan','86-(365)636-4547','1137 Comanche Pass',1),(326,'Irene Chapman','86-(189)394-2190','5 Hudson Place',1),(327,'Benjamin Johnston','55-(218)522-1856','816 Derek Parkway',1),(328,'Janice Murphy','63-(116)449-9122','2024 Morrow Pass',1),(329,'Samuel Gardner','51-(293)232-4489','8 Parkside Road',1),(330,'Philip Jordan','86-(204)596-9398','63 Delaware Court',1),(331,'Timothy Garcia','62-(368)944-1728','177 Scoville Park',1),(332,'Andrew Turner','1-(661)925-5040','7 Butternut Court',1),(333,'Jose Morris','972-(244)341-4481','0 Cardinal Place',1),(334,'Phillip Mason','62-(234)919-3982','47 Orin Pass',1),(335,'Carl Jenkins','63-(913)795-3919','269 Elgar Lane',1),(336,'Deborah Russell','86-(417)988-8554','731 Forest Run Point',1),(337,'Kathryn Willis','7-(699)112-3061','843 Division Drive',1),(338,'Anthony Long','93-(417)142-2036','117 Kingsford Drive',1),(339,'Mark Cunningham','63-(691)729-1873','21 Crest Line Terrace',1),(340,'Phillip Kelly','62-(724)902-5553','715 Killdeer Terrace',1),(341,'Angela Harrison','52-(516)599-0311','98 Grim Way',1),(342,'Raymond Black','850-(420)152-1702','6 Sugar Avenue',1),(343,'Sharon Edwards','63-(901)843-2852','4324 Miller Way',1),(344,'Sara Webb','971-(272)203-6699','0 Dunning Park',1),(345,'Fred Adams','81-(771)731-0968','22289 Sunfield Trail',1),(346,'Judith Daniels','386-(704)493-9859','4 Corry Road',1),(347,'Kelly Richardson','55-(397)201-3464','74730 Bunting Court',1),(348,'Aaron Washington','86-(458)181-4750','643 Summerview Crossing',1),(349,'Frank Montgomery','46-(154)176-9484','72742 Maywood Junction',1),(350,'Janice Hart','66-(203)709-8576','64626 Farwell Hill',1),(351,'Clarence Marshall','234-(284)236-7473','1492 Glendale Alley',1),(352,'Elizabeth Clark','56-(363)682-9610','206 Hagan Court',1),(353,'Thomas Cunningham','63-(546)801-9726','26441 Meadow Valley Trail',1),(354,'Kathryn Tucker','381-(236)408-8546','121 Express Center',1),(355,'Jeremy Bennett','380-(600)750-9932','1 Iowa Circle',1),(356,'William Ruiz','62-(546)932-7089','0 Montana Way',1),(357,'Keith Olson','62-(831)618-9336','8554 Village Green Parkway',1),(358,'Denise Hanson','86-(475)189-5817','2011 Bashford Avenue',1),(359,'Arthur Sullivan','62-(278)651-3634','06292 Melvin Street',1),(360,'Lawrence Sims','95-(657)622-4504','20145 Nevada Hill',1),(361,'Christopher Howard','63-(530)143-3103','53256 Truax Circle',1),(362,'James Young','62-(335)394-9541','02 Lighthouse Bay Circle',1),(363,'Johnny Tucker','692-(401)690-7329','53365 Lakeland Pass',1),(364,'Elizabeth Nelson','55-(845)168-8811','7 Sutteridge Lane',1),(365,'Eugene Kelly','46-(157)352-9733','8244 Jay Court',1),(366,'Chris Porter','86-(866)472-4235','514 Monument Place',1),(367,'Doris Owens','420-(837)373-4706','05 Charing Cross Pass',1),(368,'Ryan Brooks','57-(894)408-3058','08421 Crownhardt Point',1),(369,'Christine Crawford','359-(405)596-6608','7431 Lerdahl Road',1),(370,'Barbara Jackson','7-(499)602-2217','45960 Cardinal Center',1),(371,'George Morrison','356-(626)470-9707','85286 Londonderry Pass',1),(372,'Teresa Tucker','55-(302)965-1363','99 Stang Lane',1),(373,'Rachel Jones','84-(192)595-1883','61686 Mandrake Pass',1),(374,'Anna Morgan','62-(269)154-8513','920 Heffernan Park',1),(375,'Lisa Ferguson','1-(504)550-8646','54075 Delladonna Lane',1),(376,'Edward Frazier','86-(279)141-6894','397 Forest Plaza',1),(377,'Janice Scott','420-(698)253-8507','93 Kings Pass',1),(378,'Helen Schmidt','47-(965)272-2179','1356 Towne Street',1),(379,'Jerry Kim','52-(420)696-5134','183 Novick Park',1),(380,'Stephanie Ryan','7-(842)962-4283','169 Jackson Pass',1),(381,'Nancy Stephens','7-(198)348-2777','722 American Circle',1),(382,'Martin Richardson','49-(324)747-2875','31610 Havey Way',1),(383,'Walter Chapman','44-(558)424-3301','6 Blue Bill Park Trail',1),(384,'Nicole Morgan','86-(865)496-2746','754 Oxford Terrace',1),(385,'Robin Lee','51-(550)304-9176','1675 Blackbird Road',1),(386,'Daniel Hawkins','420-(177)821-1712','6 Ridge Oak Avenue',1),(387,'Jonathan Chavez','420-(932)438-4582','9 Dayton Terrace',1),(388,'Eugene Adams','386-(906)443-4836','34 Mandrake Place',1),(389,'Debra Kim','86-(488)132-4238','284 Carberry Hill',1),(390,'Albert Arnold','66-(468)411-9054','7 Katie Place',1),(391,'Catherine Gonzales','48-(334)268-2999','9015 Vermont Center',1),(392,'Rose Reid','502-(641)775-4203','30 Thierer Avenue',1),(393,'Laura Wright','351-(256)865-7709','5 Del Mar Center',1),(394,'Catherine Grant','63-(934)729-3623','8596 Mandrake Hill',1),(395,'Steven Porter','55-(166)688-4607','3967 Alpine Court',1),(396,'Pamela Diaz','591-(418)959-0430','67 American Hill',1),(397,'Jack Williamson','63-(337)845-1752','72 Cody Center',1),(398,'Tammy Ferguson','57-(101)280-1721','2549 Vidon Pass',1),(399,'Ernest Harper','81-(744)129-9289','7 Hollow Ridge Junction',1),(400,'Victor Day','218-(610)734-4682','04559 Memorial Place',1),(401,'Phyllis Hicks','62-(251)338-3453','765 Springview Park',1),(402,'Victor Adams','86-(319)707-0544','985 Mallory Circle',1),(403,'Bonnie Garrett','351-(384)242-4359','26 Oak Park',1),(404,'Paul Perry','86-(720)819-6424','943 Browning Pass',1),(405,'Sean Griffin','218-(809)354-5780','4 Commercial Avenue',1),(406,'Shawn Banks','591-(600)844-2791','88889 Lindbergh Alley',1),(407,'Paul Davis','51-(288)869-8884','46645 Butternut Avenue',1),(408,'David Kim','63-(840)958-6865','064 Eliot Crossing',1),(409,'Susan Webb','212-(226)318-3345','569 Lerdahl Alley',1),(410,'Joe Wilson','86-(591)699-8616','792 Loftsgordon Center',1),(411,'Johnny Castillo','54-(916)512-5989','30 Bayside Place',1),(412,'Sean Stewart','62-(117)132-2900','07624 Westport Place',1),(413,'Randy Dean','46-(862)817-0183','64435 Atwood Plaza',1),(414,'Carl Reed','591-(205)622-2544','39 Lyons Trail',1),(415,'Ronald Black','86-(197)277-6127','38287 Northwestern Street',1),(416,'Bruce Banks','54-(931)240-7947','6728 Kipling Drive',1),(417,'Melissa Hughes','1-(330)502-5972','14 Brickson Park Street',1),(418,'Steve James','7-(429)875-6497','33390 Barnett Crossing',1),(419,'Ralph Rodriguez','66-(559)297-7506','5340 Walton Lane',1),(420,'Roy Greene','62-(627)544-6619','4364 Prentice Point',1),(421,'Lisa Tucker','62-(149)523-5217','5440 Huxley Trail',1),(422,'Kathryn Berry','86-(261)202-3436','737 Logan Parkway',1),(423,'Justin Richardson','51-(384)118-9243','8171 Pawling Lane',1),(424,'Mary Owens','86-(748)983-7243','3529 Waubesa Road',1),(425,'Amanda Medina','380-(846)204-3563','3 Glacier Hill Alley',1),(426,'Wayne Jackson','351-(107)858-9166','08 Lakewood Gardens Road',1),(427,'Marilyn Howell','86-(193)279-2607','337 Randy Crossing',1),(428,'Benjamin Carr','86-(552)492-4513','587 6th Plaza',1),(429,'Andrew Pierce','7-(340)739-9815','12927 Eagle Crest Circle',1),(430,'Jean Clark','86-(914)492-5164','01 Northwestern Terrace',1),(431,'Karen Fuller','352-(637)335-8994','60 Pennsylvania Terrace',1),(432,'Denise Adams','30-(812)599-9641','357 Maple Wood Trail',1),(433,'Matthew Carpenter','30-(856)733-6291','21377 Farmco Lane',1),(434,'Thomas Washington','351-(789)905-3107','268 Cascade Avenue',1),(435,'Juan Cooper','86-(569)635-1726','66 Straubel Drive',1),(436,'Harold White','86-(618)543-8303','42011 4th Crossing',1),(437,'Bobby Fowler','351-(848)755-2316','8059 Jay Place',1),(438,'Kelly Thomas','7-(580)756-8555','048 Sommers Trail',1),(439,'David Sanchez','33-(658)547-0817','54864 Burning Wood Center',1),(440,'Gary Crawford','7-(250)298-4849','47 Service Parkway',1),(441,'Sarah Holmes','46-(315)303-6004','97205 Moulton Terrace',1),(442,'Scott Harper','7-(854)964-8725','92 Stoughton Plaza',1),(443,'Wanda Green','595-(881)216-8561','7768 Northview Plaza',1),(444,'Nicole Arnold','62-(324)666-2284','3774 Delladonna Lane',1),(445,'Sean Montgomery','86-(193)250-3934','11 Moland Center',1),(446,'Marilyn Allen','63-(301)448-4949','75 Alpine Avenue',1),(447,'Heather Jenkins','62-(205)808-1484','8091 Grover Junction',1),(448,'Julia Williams','55-(123)457-4794','18908 Monterey Court',1),(449,'Barbara Kennedy','51-(830)594-5246','6 Mallory Pass',1),(450,'Jeffrey Robertson','86-(431)761-4416','1 Harper Street',1),(451,'Patrick Lane','237-(931)767-0848','18 Thierer Court',1),(452,'Edward Elliott','63-(832)328-6119','871 Iowa Street',1),(453,'Frances Bell','7-(232)579-5593','19 Prairie Rose Circle',1),(454,'Theresa Austin','353-(875)128-3254','82462 Leroy Lane',1),(455,'Ralph Rodriguez','62-(312)168-2771','3 Mitchell Drive',1),(456,'Mildred Wheeler','86-(100)558-9704','96370 Golf Alley',1),(457,'Betty Cruz','1-(479)358-1717','9841 Oak Park',1),(458,'Patrick Thomas','255-(879)110-9214','00 Linden Place',1),(459,'Bruce Crawford','963-(678)905-2238','177 Southridge Trail',1),(460,'Jeffrey Allen','62-(902)175-9199','3 Atwood Trail',1),(461,'Justin Alvarez','502-(903)751-8593','29 Forest Run Drive',1),(462,'Kathy Chavez','1-(770)489-1850','5 Dayton Pass',1),(463,'Sharon Ferguson','62-(519)562-4970','7 Forest Run Trail',1),(464,'Martin Ramirez','62-(310)557-2426','74495 Del Mar Place',1),(465,'Gregory Stone','674-(985)676-8510','69423 Badeau Plaza',1),(466,'Kathy Fowler','86-(725)562-7571','391 Sutteridge Road',1),(467,'Martha Stewart','7-(899)818-7154','7065 Corry Junction',1),(468,'Aaron Williams','380-(606)806-1648','758 Moose Trail',1),(469,'Kimberly Flores','359-(509)983-2157','5 Beilfuss Trail',1),(470,'Peter Washington','34-(876)329-7223','240 Schmedeman Lane',1),(471,'Elizabeth Dunn','86-(255)638-9405','6 Londonderry Place',1),(472,'Evelyn Welch','86-(554)931-2117','31735 Oak Hill',1),(473,'Aaron Gonzales','46-(898)931-4558','48427 Ridgeway Way',1),(474,'Walter Cooper','7-(113)944-7111','0274 Rockefeller Center',1),(475,'Elizabeth Armstrong','359-(186)630-8996','2403 Clove Alley',1),(476,'Marie Perry','7-(630)423-3852','0 Summit Circle',1),(477,'Marilyn Garza','7-(219)653-5096','3933 Transport Plaza',1),(478,'Janet Jackson','234-(376)756-6552','13560 Fuller Lane',1),(479,'Stephen Watkins','51-(221)509-6479','9 Sheridan Crossing',1),(480,'Paula Henderson','86-(710)955-2767','4 Washington Street',1),(481,'Frances Kelley','57-(841)660-7287','86 Leroy Pass',1),(482,'Jacqueline Henry','86-(339)713-6396','279 Dixon Center',1),(483,'Bonnie Lee','86-(784)285-4437','392 Autumn Leaf Court',1),(484,'Irene Garcia','52-(136)674-2750','2 Toban Crossing',1),(485,'Rose Smith','52-(777)505-7049','37266 Monument Circle',1),(486,'Virginia Hansen','591-(829)703-2446','869 Lakewood Road',1),(487,'Wanda Ramirez','238-(975)624-6101','5 Waxwing Circle',1),(488,'Jennifer Crawford','62-(278)425-9702','7256 Toban Place',1),(489,'Angela Edwards','86-(226)958-4775','07326 Petterle Circle',1),(490,'Bonnie Austin','86-(213)459-7557','70479 Reindahl Hill',1),(491,'Deborah Bishop','52-(340)387-7258','0 Shoshone Circle',1),(492,'Victor Allen','86-(290)392-4322','156 Amoth Trail',1),(493,'Irene Scott','380-(524)789-7286','52 Hollow Ridge Way',1),(494,'Kelly Carr','62-(524)199-3439','76501 Village Green Terrace',1),(495,'Aaron Morrison','33-(313)705-3298','1310 Fuller Place',1),(496,'Denise Russell','351-(273)290-3714','90 Grayhawk Place',1),(497,'Amy Gardner','81-(393)156-2540','35 Ridgeway Center',1),(498,'Beverly Wright','63-(794)592-1454','7144 Karstens Trail',1),(499,'Keith Collins','86-(191)216-9323','8964 Dorton Terrace',1),(500,'Julie Riley','351-(907)914-9740','6 Waxwing Pass',1),(501,'Christopher Henry','231-(898)540-0459','828 American Ash Road',1),(502,'Frank Black','63-(713)316-9323','122 Hagan Pass',1),(503,'Rose Thomas','62-(432)520-1049','71 Kropf Terrace',1),(504,'Theresa Hudson','47-(474)904-1978','24 Myrtle Crossing',1),(505,'Benjamin Morgan','55-(593)812-2896','5 Charing Cross Hill',1),(506,'Brian Baker','62-(509)822-0737','6 3rd Way',1),(507,'Daniel Powell','236-(678)847-2485','63 South Drive',1),(508,'Kenneth Wilson','48-(507)310-3891','30772 Fair Oaks Avenue',1),(509,'Phillip Romero','86-(405)942-0397','41899 Ronald Regan Drive',1),(510,'Carol Allen','86-(383)234-4976','83 Thompson Hill',1),(511,'Todd Fernandez','420-(332)436-5107','85735 Thackeray Crossing',1),(512,'Roger Rogers','86-(555)177-4298','387 Schlimgen Road',1),(513,'Mary Andrews','63-(741)992-5910','998 Grim Park',1),(514,'Stephanie Bishop','55-(955)610-8880','22572 Macpherson Way',1),(515,'Katherine Baker','46-(653)521-1714','5231 Thierer Crossing',1),(516,'Bobby Bradley','55-(271)123-4528','27 Mcguire Street',1),(517,'Todd Price','33-(741)626-7656','1309 Tennessee Hill',1),(518,'Amy Vasquez','976-(472)754-3949','029 Ruskin Road',1),(519,'Janet Wheeler','86-(590)915-7905','0 Anthes Junction',1),(520,'Margaret Ellis','255-(856)796-7147','6099 Everett Point',1),(521,'Bobby Franklin','81-(338)565-2626','20734 Lakewood Gardens Center',1),(522,'Jessica Fernandez','33-(733)658-1378','576 Dawn Way',1),(523,'Ernest Larson','86-(938)947-8579','270 Grim Lane',1),(524,'Patrick Bryant','1-(371)656-9998','84433 Scott Trail',1),(525,'Frank Turner','1-(998)250-0628','43866 Cherokee Road',1),(526,'Johnny Edwards','48-(511)594-8478','89313 Acker Park',1),(527,'Carolyn Oliver','62-(658)143-4193','6027 Artisan Terrace',1),(528,'Robert Stanley','86-(964)836-7822','80139 Lyons Crossing',1),(529,'Lori Griffin','355-(564)588-5658','1 Barby Court',1),(530,'Judith Gomez','63-(808)775-8591','4 Del Mar Junction',1),(531,'Charles Hayes','81-(820)312-6904','762 Mifflin Alley',1),(532,'Cheryl Anderson','63-(178)675-2093','085 Kingsford Point',1),(533,'Russell Garrett','63-(139)655-7784','2186 Bowman Plaza',1),(534,'Kenneth Kelley','7-(989)526-6151','98 Vermont Terrace',1),(535,'Chris Lawrence','46-(684)282-3879','259 Upham Center',1),(536,'Christopher Morrison','387-(387)951-3926','70 Goodland Parkway',1),(537,'Anna Grant','886-(782)456-0553','92056 Erie Terrace',1),(538,'Anne Garcia','46-(441)737-6819','694 Fairview Center',1),(539,'Anthony Mccoy','51-(773)836-9265','2 Mifflin Circle',1),(540,'Susan Alexander','63-(385)117-7290','192 Heath Trail',1),(541,'Dennis Porter','86-(936)183-7990','859 Mcguire Park',1),(542,'Keith Kennedy','62-(402)259-2017','9 Grover Road',1),(543,'Roy Bennett','86-(236)908-0451','57 Eagle Crest Circle',1),(544,'Willie Burns','63-(247)373-8483','913 Caliangt Junction',1),(545,'Wayne Harper','62-(883)278-5143','3 Di Loreto Trail',1),(546,'Nicole Moore','31-(839)686-0775','56913 Lighthouse Bay Trail',1),(547,'Paul Mitchell','86-(245)312-3552','778 Redwing Lane',1),(548,'Carlos Price','966-(970)121-4976','205 Swallow Pass',1),(549,'Helen Ferguson','62-(386)894-5183','80726 Crest Line Way',1),(550,'Catherine Harris','225-(211)256-0668','76 Waubesa Place',1),(551,'Shirley Dean','54-(743)395-7183','62 Hallows Hill',1),(552,'Phillip Hamilton','591-(490)333-1589','90818 Graedel Place',1),(553,'Timothy Foster','86-(829)817-8376','04833 Park Meadow Lane',1),(554,'Joshua Taylor','86-(516)177-3985','95 Anzinger Pass',1),(555,'Joe Reed','63-(690)965-6025','5309 Sundown Drive',1),(556,'Mark Andrews','46-(475)343-2356','3022 Lindbergh Junction',1),(557,'Lori Butler','48-(215)672-2109','440 Oak Terrace',1),(558,'Scott Arnold','33-(361)376-0351','0017 Calypso Parkway',1),(559,'Jerry Clark','86-(188)179-9454','68746 Luster Circle',1),(560,'Heather Romero','55-(748)625-8116','39156 Lakeland Point',1),(561,'Donald Kim','86-(399)705-3710','07 Forest Run Court',1),(562,'Jose Perry','81-(504)780-5568','579 Leroy Drive',1),(563,'Theresa Edwards','1-(886)301-1447','418 Anderson Street',1),(564,'Lisa Stone','81-(784)735-8350','4 Knutson Way',1),(565,'Teresa Powell','86-(238)346-9680','397 Dottie Plaza',1),(566,'Ashley Garrett','420-(697)566-6116','6 Milwaukee Trail',1),(567,'Aaron Nguyen','962-(289)127-8544','967 Packers Terrace',1),(568,'Theresa Morgan','62-(172)575-1686','84 Spaight Parkway',1),(569,'Tammy Welch','62-(471)823-9266','1 Colorado Park',1),(570,'Irene Stone','54-(271)176-6500','9 Anthes Point',1),(571,'Chris Elliott','692-(199)314-3505','875 Johnson Street',1),(572,'Joseph Marshall','86-(558)709-8880','220 Armistice Plaza',1),(573,'Douglas Washington','351-(841)357-6279','1210 Emmet Junction',1),(574,'Brian Simpson','62-(941)386-4912','15 Westerfield Center',1),(575,'Lois Ward','86-(602)239-0606','0 Del Mar Road',1),(576,'Deborah Davis','7-(839)542-5379','64092 Crest Line Road',1),(577,'Sarah Ferguson','46-(319)554-1852','23 Kensington Trail',1),(578,'Lisa Collins','62-(257)891-9378','0747 Autumn Leaf Circle',1),(579,'Jimmy Foster','507-(648)248-8192','84 Mayer Road',1),(580,'Michael Sanders','375-(960)534-7440','0 Arizona Place',1),(581,'Timothy Reed','62-(274)969-8312','58334 Birchwood Place',1),(582,'Julia Montgomery','237-(991)949-5060','498 Morningstar Park',1),(583,'Carl Turner','7-(236)319-1875','93 Mcbride Place',1),(584,'Fred Holmes','63-(735)896-0567','022 Graedel Plaza',1),(585,'Sharon Payne','7-(257)805-7794','5 Bayside Point',1),(586,'Eugene Reynolds','385-(323)607-4569','3501 Kipling Drive',1),(587,'Gerald Day','62-(574)255-8024','728 Huxley Hill',1),(588,'Brian Reyes','49-(624)733-9465','6 Arrowood Junction',1),(589,'Kevin Stone','7-(779)533-0393','510 Garrison Hill',1),(590,'Joseph Morgan','1-(267)233-6859','1 Jenifer Junction',1),(591,'Steve Franklin','380-(735)211-7572','17058 Lukken Plaza',1),(592,'Clarence Hamilton','62-(420)220-0539','0 Beilfuss Junction',1),(593,'Dorothy Lynch','86-(625)508-8401','74 Mariners Cove Terrace',1),(594,'Sharon Hawkins','86-(611)459-2142','3668 Calypso Street',1),(595,'Fred Washington','374-(854)663-2611','99945 Summit Plaza',1),(596,'Ann Jacobs','62-(582)630-7854','103 Waxwing Hill',1),(597,'Russell Fox','86-(633)404-8277','11846 Village Green Court',1),(598,'Gloria Duncan','86-(513)806-8332','951 Independence Point',1),(599,'Judy Gibson','60-(152)552-9691','79426 Canary Parkway',1),(600,'Rose Long','994-(865)950-7882','78282 Ridge Oak Way',1),(601,'Patrick Garza','1-(617)724-9732','017 Hagan Lane',1),(602,'David Foster','351-(934)682-5782','34282 Hazelcrest Way',1),(603,'Sarah Ellis','81-(407)524-2037','2 Lillian Parkway',1),(604,'Dennis Bennett','380-(257)705-8758','297 Algoma Court',1),(605,'Barbara Sanchez','7-(188)494-5643','7888 La Follette Junction',1),(606,'Robin Bishop','30-(341)496-8483','38 Blue Bill Park Way',1),(607,'Rebecca Carpenter','86-(128)381-3009','730 Packers Hill',1),(608,'Christopher Wilson','86-(911)238-2347','7554 Pleasure Alley',1),(609,'Ralph Watson','62-(786)924-1974','92907 Arrowood Crossing',1),(610,'Mildred Hayes','504-(974)232-3487','96 Bellgrove Terrace',1),(611,'Jose Dean','46-(908)290-6411','2259 Maryland Way',1),(612,'Kathy Ryan','55-(707)970-4882','07 Corben Alley',1),(613,'Chris Palmer','52-(893)677-7534','589 Glendale Center',1),(614,'Annie Berry','54-(192)626-1661','85050 Barnett Road',1),(615,'Samuel Harper','48-(768)122-4845','8595 Golden Leaf Road',1),(616,'Joyce Vasquez','420-(350)383-6945','64582 Nelson Point',1),(617,'Jerry Torres','598-(312)306-3764','613 Independence Park',1),(618,'Beverly Foster','33-(501)998-3260','129 Longview Terrace',1),(619,'Douglas Harris','63-(807)765-6480','0054 Grim Alley',1),(620,'Laura Richardson','62-(120)426-3821','67 Commercial Lane',1),(621,'Norma Gilbert','86-(952)280-5823','6 Blackbird Crossing',1),(622,'Jerry Perry','58-(420)839-6688','487 Fallview Alley',1),(623,'Paul Cunningham','57-(790)684-4083','31380 Holmberg Crossing',1),(624,'Clarence Hernandez','57-(164)323-1198','41 Village Center',1),(625,'Gary Martinez','507-(988)345-6588','8 New Castle Hill',1),(626,'Donald King','351-(470)416-6809','89 Blaine Court',1),(627,'Louis Lawson','7-(820)235-2174','52130 Barnett Parkway',1),(628,'Joyce Mason','62-(680)949-2565','0466 Warbler Court',1),(629,'Lori Palmer','86-(272)988-7315','5263 Lakewood Way',1),(630,'Deborah Taylor','62-(893)173-4428','29905 Daystar Pass',1),(631,'Ruby Freeman','94-(286)937-9699','46 Hoffman Road',1),(632,'Amy Hayes','351-(717)276-4903','3934 Pennsylvania Avenue',1),(633,'Donna Warren','48-(555)838-4505','2351 Eggendart Hill',1),(634,'Paul Payne','223-(638)667-1630','21286 Buhler Trail',1),(635,'Ernest Ryan','7-(589)939-6330','97252 Jenna Circle',1),(636,'Sara Kelly','62-(860)850-7786','93 Basil Circle',1),(637,'James Gilbert','256-(509)538-8879','995 Laurel Alley',1),(638,'Steven Reyes','46-(790)470-8224','95497 Helena Trail',1),(639,'Paula Turner','63-(959)581-1476','5410 Shopko Way',1),(640,'Virginia Larson','86-(877)217-7418','59 Myrtle Parkway',1),(641,'Timothy Mccoy','86-(690)552-4099','33 Tony Junction',1),(642,'Lisa Boyd','351-(622)435-5105','431 Laurel Plaza',1),(643,'Tina Bennett','62-(258)596-1744','818 Basil Hill',1),(644,'Irene Fox','86-(411)557-9866','756 Welch Court',1),(645,'David Richardson','62-(290)250-1725','2 Fisk Junction',1),(646,'Dorothy Schmidt','62-(186)817-5841','116 Grasskamp Plaza',1),(647,'Samuel Roberts','386-(595)447-0157','10103 Heffernan Avenue',1),(648,'Katherine Evans','380-(840)467-8787','0 Rowland Plaza',1),(649,'Christine Elliott','86-(331)454-5702','79301 Petterle Pass',1),(650,'Julie Day','63-(239)936-9268','2 Eagle Crest Way',1),(651,'George Fisher','48-(503)796-6026','546 Drewry Plaza',1),(652,'Beverly Crawford','7-(490)419-0944','70 Main Hill',1),(653,'Ronald Wagner','31-(995)611-5964','70181 Oxford Point',1),(654,'Stephanie Johnston','33-(280)628-6246','4231 Main Street',1),(655,'Stephen Watkins','86-(765)573-2487','0331 Pawling Avenue',1),(656,'Annie Fox','255-(978)916-6639','67 Sloan Hill',1),(657,'Julie Wilson','381-(644)565-3633','015 Dawn Avenue',1),(658,'Harry Jackson','62-(752)334-8678','940 Green Crossing',1),(659,'Ronald Howell','506-(438)842-6376','9 Warner Junction',1),(660,'Dennis Gordon','81-(450)969-8247','69 Sachtjen Drive',1),(661,'Nancy Nichols','254-(922)208-3915','5 Menomonie Parkway',1),(662,'Joyce Reid','62-(957)750-6312','29002 Shoshone Park',1),(663,'Ernest Mills','353-(308)772-8709','17 Caliangt Avenue',1),(664,'Ernest Ferguson','86-(323)899-4510','9781 Anniversary Lane',1),(665,'Patricia Larson','86-(218)252-9531','50969 Glendale Pass',1),(666,'Eugene Mills','48-(920)890-6996','7090 Memorial Trail',1),(667,'Marie Young','961-(620)843-3874','1349 Rigney Terrace',1),(668,'Peter Rodriguez','62-(684)400-0701','50380 Northridge Parkway',1),(669,'Eric Scott','224-(735)151-1469','2125 Shasta Circle',1),(670,'Wayne Phillips','62-(850)924-3323','721 Loomis Street',1),(671,'George Murphy','48-(834)529-8235','23591 Old Gate Park',1),(672,'Susan Morrison','54-(650)157-8831','0 Delaware Hill',1),(673,'Juan Bishop','84-(457)981-0837','25813 Spohn Street',1),(674,'Kenneth Weaver','63-(548)818-4301','06 High Crossing Street',1),(675,'Paul Peters','7-(879)945-4173','34763 Carpenter Way',1),(676,'Scott Hill','66-(293)659-8300','85 Anzinger Junction',1),(677,'Brandon Boyd','420-(466)231-3256','745 Porter Plaza',1),(678,'Lisa Woods','33-(497)131-4491','3 Forster Plaza',1),(679,'Marie Watson','62-(165)716-5715','0 Havey Way',1),(680,'Julie Holmes','98-(705)187-4217','4275 Jay Pass',1),(681,'Brian Kim','507-(996)945-5544','77712 Kenwood Avenue',1),(682,'Kathleen Arnold','49-(901)602-6243','8308 Forster Road',1),(683,'Henry Watkins','57-(481)700-1578','3356 Grayhawk Center',1),(684,'Margaret Ramirez','351-(494)213-0494','644 Killdeer Parkway',1),(685,'Irene Stone','52-(809)582-1370','605 Delladonna Hill',1),(686,'Antonio Gordon','595-(493)214-8804','9 Dunning Lane',1),(687,'Ashley Russell','57-(748)434-6143','369 Dennis Drive',1),(688,'Jean Welch','86-(724)485-5009','02529 Colorado Trail',1),(689,'Joshua Marshall','380-(819)680-3310','284 Mcguire Trail',1),(690,'Anna Ward','86-(303)890-0457','38509 Pleasure Road',1),(691,'Emily Stephens','86-(758)943-9263','26 Muir Way',1),(692,'Albert Perkins','57-(822)425-3427','234 Bluestem Alley',1),(693,'Joe Clark','33-(706)460-4568','6 Fisk Trail',1),(694,'Marilyn Bishop','7-(613)746-3813','02 Ilene Alley',1),(695,'Virginia Ortiz','86-(541)682-4031','3866 Oneill Point',1),(696,'Joshua Ortiz','963-(945)654-9120','41588 Hanson Alley',1),(697,'Kenneth Thomas','86-(568)850-0186','90 Hallows Center',1),(698,'Randy Flores','62-(733)993-2056','11 Fulton Court',1),(699,'Martha Fox','7-(915)885-0806','0846 Dottie Parkway',1),(700,'Gregory Morales','55-(939)435-3603','6080 Sugar Pass',1),(701,'Christopher Ryan','62-(610)157-8641','389 Comanche Road',1),(702,'Lori Garza','7-(159)929-1779','53 Menomonie Junction',1),(703,'Amy Baker','976-(588)435-4846','4926 Clove Point',1),(704,'Larry Gordon','86-(510)133-0377','88698 Monument Street',1),(705,'Patricia Garrett','55-(596)715-7539','65943 Upham Way',1),(706,'Helen Hudson','62-(308)599-7862','699 Mockingbird Alley',1),(707,'Ernest Johnson','234-(203)145-5997','9 Prentice Crossing',1),(708,'Deborah Peters','62-(432)209-2942','1 Hermina Road',1),(709,'Donna Schmidt','993-(974)261-6322','43270 2nd Lane',1),(710,'Robin Foster','374-(404)993-7825','8 Pleasure Point',1),(711,'Jessica Russell','48-(544)857-2920','18 Buena Vista Hill',1),(712,'Lawrence Armstrong','54-(805)820-9762','11787 Washington Plaza',1),(713,'Jane Rose','86-(479)207-0226','60381 Merrick Road',1),(714,'Mark Peterson','86-(446)772-1758','32879 Service Junction',1),(715,'Michael Perez','62-(651)420-4857','0 Ilene Avenue',1),(716,'Terry Dean','86-(175)666-0528','905 La Follette Circle',1),(717,'Billy Lopez','420-(997)188-3017','24 West Alley',1),(718,'Stephanie Diaz','420-(230)403-3755','02981 Farwell Avenue',1),(719,'Howard Smith','1-(232)425-9359','0 Saint Paul Road',1),(720,'Dorothy Richardson','92-(501)574-0417','55 Farmco Pass',1),(721,'Nicole Grant','1-(628)178-8597','0230 Moland Center',1),(722,'Kathleen Hall','62-(957)173-3982','80 Dennis Pass',1),(723,'Joseph Burke','86-(224)195-8043','1356 Everett Crossing',1),(724,'Lawrence Washington','55-(698)819-3561','90 Almo Terrace',1),(725,'Dorothy Miller','264-(255)197-3504','24889 Lyons Point',1),(726,'Paula Henry','380-(976)579-3586','50 Westend Crossing',1),(727,'George Hart','46-(968)372-2633','50 Forest Court',1),(728,'Charles Franklin','81-(210)840-4131','546 David Plaza',1),(729,'Clarence Stewart','47-(966)695-2455','8326 Crownhardt Terrace',1),(730,'Jennifer Green','998-(194)789-3601','969 Union Avenue',1),(731,'Earl Foster','81-(605)627-1665','97137 Tennyson Park',1),(732,'Norma Hayes','62-(124)257-1713','72 6th Center',1),(733,'Jonathan Watkins','420-(522)618-9627','32 Kipling Parkway',1),(734,'Thomas Mcdonald','33-(339)245-8944','84 Sommers Plaza',1),(735,'Andrew Mendoza','55-(541)732-3944','79845 Pierstorff Road',1),(736,'Judith Bradley','351-(539)733-3806','571 Hollow Ridge Avenue',1),(737,'Joe Ford','30-(374)235-5006','2913 Brickson Park Parkway',1),(738,'Annie Hernandez','54-(998)137-2927','8108 Pawling Center',1),(739,'Brenda Gonzales','593-(129)167-9919','289 Reindahl Street',1),(740,'Pamela Kim','381-(527)668-4943','6893 Buena Vista Avenue',1),(741,'Denise Cooper','86-(863)888-5140','2 Forster Road',1),(742,'Gloria Morris','62-(103)454-4980','98413 Lunder Road',1),(743,'Julia Morales','48-(231)211-7859','80 3rd Park',1),(744,'Patrick Palmer','375-(718)206-1038','73762 Pine View Lane',1),(745,'Maria Burns','86-(697)215-4701','163 Linden Pass',1),(746,'Tammy Morris','996-(974)979-9067','48154 Lyons Circle',1),(747,'Tammy Rivera','86-(269)407-7686','3422 Emmet Street',1),(748,'Dennis Henderson','359-(468)775-6127','551 Sycamore Point',1),(749,'Matthew Warren','86-(441)900-3524','0 Forster Circle',1),(750,'Stephen King','86-(161)654-9157','63781 Victoria Park',1),(751,'Benjamin Moreno','86-(531)660-3362','408 Autumn Leaf Drive',1),(752,'John Flores','7-(850)280-5853','421 Holmberg Point',1),(753,'Debra Russell','1-(612)319-2911','357 Nova Place',1),(754,'Donna Lane','62-(395)644-4544','12 Emmet Park',1),(755,'Fred Morales','380-(563)254-4763','101 Roth Hill',1),(756,'Heather Jenkins','63-(579)726-3413','40 Kings Terrace',1),(757,'Justin Hanson','55-(459)329-7212','96 Summit Point',1),(758,'Mark Rodriguez','420-(392)996-4879','7489 Bunker Hill Court',1),(759,'Larry Elliott','62-(644)804-9066','451 Bunting Place',1),(760,'Martin Payne','84-(201)762-9264','328 Eggendart Street',1),(761,'Angela Ryan','385-(116)913-4474','0 Ludington Road',1),(762,'Carl Morales','82-(719)468-2522','0890 Wayridge Court',1),(763,'Angela Montgomery','86-(600)298-4997','7 Hermina Park',1),(764,'Harry White','86-(623)465-6972','13033 Golf Course Park',1),(765,'Antonio Armstrong','880-(817)698-2489','57130 Hintze Alley',1),(766,'Adam Harrison','52-(257)369-2796','53 Fordem Pass',1),(767,'Timothy Adams','86-(183)202-1640','2 Weeping Birch Court',1),(768,'Jerry Rivera','7-(255)940-2208','0 Main Road',1),(769,'Laura Watkins','57-(783)498-4014','25 Center Court',1),(770,'Susan Lynch','420-(328)922-3333','43093 Wayridge Court',1),(771,'Christina Arnold','1-(991)825-4152','7901 Oxford Park',1),(772,'Susan Adams','7-(143)228-3763','92 Burrows Court',1),(773,'Charles Palmer','86-(643)208-3549','05 Rusk Terrace',1),(774,'Frances Shaw','86-(348)397-7344','34964 Amoth Center',1),(775,'Ann Bryant','266-(255)427-7315','064 Sloan Way',1),(776,'Ronald Tucker','685-(652)888-1236','47 Drewry Parkway',1),(777,'Ruth Harper','504-(706)984-3221','14 Towne Terrace',1),(778,'Margaret Olson','55-(537)985-7118','24 Hayes Court',1),(779,'Betty Cole','30-(339)412-9735','8189 Ridgeview Court',1),(780,'Donna Snyder','62-(601)916-2457','639 Oxford Drive',1),(781,'Carol Cruz','55-(527)726-6039','31 Loomis Road',1),(782,'Gerald Graham','86-(365)657-1388','5063 Hauk Terrace',1),(783,'Stephanie Ross','86-(103)268-5360','88 Browning Way',1),(784,'Anne Mendoza','63-(393)492-1722','5452 2nd Lane',1),(785,'Ronald Gordon','51-(367)526-0201','24 Transport Alley',1),(786,'Bruce Bell','382-(105)521-9549','8658 Clyde Gallagher Hill',1),(787,'Joe Martinez','598-(807)346-5632','8 Trailsway Alley',1),(788,'Harry Berry','506-(831)536-2549','81050 Mandrake Way',1),(789,'Anthony Richards','92-(434)820-8485','5491 Knutson Pass',1),(790,'Tammy Peters','86-(764)617-5233','0823 Old Gate Terrace',1),(791,'Roger Hayes','86-(398)823-8443','785 Artisan Center',1),(792,'Louis Jones','86-(317)665-7665','9207 Jay Junction',1),(793,'Ryan Myers','1-(617)794-0873','5129 Esch Crossing',1),(794,'Billy Morgan','86-(175)588-9904','6673 Waywood Plaza',1),(795,'Jacqueline Allen','62-(673)260-3742','867 3rd Park',1),(796,'George Perez','299-(440)220-2004','7 Eggendart Way',1),(797,'Jeffrey Morrison','381-(566)973-9359','2315 High Crossing Place',1),(798,'Judy Thomas','33-(303)899-2227','45812 Merry Alley',1),(799,'Samuel Morales','380-(558)690-3154','582 Myrtle Point',1),(800,'Jane Watkins','62-(441)482-6033','99667 Ruskin Point',1),(801,'Louis Perez','86-(443)993-1358','5 Fuller Pass',1),(802,'Craig Lane','86-(633)476-7577','698 Hagan Park',1),(803,'Brian Miller','44-(207)467-1133','5 Sachtjen Trail',1),(804,'Eric Mills','591-(244)351-2767','8 Westend Lane',1),(805,'Julie Sims','81-(930)459-7030','5 Donald Park',1),(806,'Jimmy Nguyen','7-(998)808-5694','423 Upham Street',1),(807,'Clarence Gordon','95-(593)558-4046','86916 Forest Terrace',1),(808,'Eric Hayes','233-(819)302-2205','328 Forest Park',1),(809,'Russell Brooks','55-(961)858-3692','14894 Harper Point',1),(810,'Roy Sanders','86-(487)253-7873','1084 Graceland Pass',1),(811,'Matthew Reyes','420-(300)266-8751','094 Drewry Center',1),(812,'Michael Bell','380-(185)765-8231','9835 Armistice Court',1),(813,'George Hamilton','1-(717)973-4075','3 Union Drive',1),(814,'Harold Martinez','976-(207)336-2093','8 Dottie Street',1),(815,'Patricia Harris','86-(156)473-1848','5 Lunder Road',1),(816,'Sandra Martin','86-(155)911-0450','6236 Northport Point',1),(817,'Teresa Burton','264-(540)473-8116','44 Forest Dale Way',1),(818,'Andrew Lynch','1-(401)495-4626','543 Springview Avenue',1),(819,'Mary Olson','63-(400)970-7042','6 Knutson Court',1),(820,'Katherine Jones','63-(247)398-6368','4827 Armistice Street',1),(821,'Shawn Fisher','86-(332)768-2668','57 Thompson Way',1),(822,'Diana Martin','86-(690)580-6212','532 Prairie Rose Avenue',1),(823,'Anne Henry','54-(956)409-9245','781 Anthes Circle',1),(824,'Matthew Tucker','86-(768)261-6538','598 Welch Crossing',1),(825,'Bruce Wells','20-(124)586-8838','8 Onsgard Center',1),(826,'Steve Wood','86-(828)431-7470','57445 Golf Course Road',1),(827,'Shirley Lynch','86-(976)652-0460','5 Dexter Drive',1),(828,'Amy Lopez','62-(122)771-7833','1311 Sunnyside Pass',1),(829,'Roy Reid','7-(777)167-3790','58228 Talmadge Place',1),(830,'Terry Fox','46-(664)296-6599','2 Moose Alley',1),(831,'Laura Hernandez','33-(530)236-6400','287 Brentwood Park',1),(832,'Teresa Bell','30-(385)504-7056','117 Meadow Valley Hill',1),(833,'Brandon Howell','351-(538)662-4185','6279 Bluestem Point',1),(834,'Ruby Hayes','30-(572)207-4437','62552 Merrick Street',1),(835,'Laura Larson','507-(433)762-2119','9 Independence Hill',1),(836,'Sharon Elliott','62-(439)900-6471','82692 Larry Hill',1),(837,'Sean Mills','86-(520)434-1733','642 Jenna Way',1),(838,'Matthew Barnes','63-(171)416-9916','6 Spaight Parkway',1),(839,'Sara Martinez','1-(692)110-8801','0 Myrtle Road',1),(840,'Teresa Stone','86-(655)212-7771','018 Kings Place',1),(841,'Anthony George','33-(953)293-9018','9812 Leroy Junction',1),(842,'Randy Vasquez','86-(576)460-2763','24854 Fisk Trail',1),(843,'Joyce Parker','237-(965)355-2098','6 Lyons Hill',1),(844,'Henry Bennett','381-(501)728-8051','09631 Manitowish Park',1),(845,'Cynthia Simpson','62-(765)420-4266','4 Hermina Drive',1),(846,'Gregory Wood','46-(930)129-5563','6 Mayer Pass',1),(847,'Russell Dean','46-(155)791-8446','845 Schlimgen Hill',1),(848,'Marilyn Ramirez','92-(361)703-8136','44083 Melody Alley',1),(849,'Kathleen Cox','62-(948)985-8578','869 Sachtjen Road',1),(850,'Louis Hayes','55-(721)102-4026','5529 6th Place',1),(851,'Pamela Sanders','27-(399)248-8628','91 Duke Pass',1),(852,'Adam Reynolds','855-(698)736-0726','6317 North Park',1),(853,'George Banks','62-(859)456-7094','285 Jana Court',1),(854,'Joseph Watkins','7-(547)961-9486','2 Northridge Pass',1),(855,'Michael Greene','86-(207)792-2658','53 Iowa Center',1),(856,'Jacqueline Peterson','86-(975)963-2897','5 Clyde Gallagher Court',1),(857,'Jessica Washington','351-(720)500-8690','2 Shoshone Crossing',1),(858,'Judith Ramos','62-(123)803-7082','2530 Orin Avenue',1),(859,'Frances Anderson','389-(162)877-2278','35260 Westerfield Road',1),(860,'Sarah Austin','86-(918)396-0712','9 Mendota Road',1),(861,'William Carpenter','86-(953)919-6763','09136 Center Point',1),(862,'Ruth Warren','62-(155)798-9508','6 Ramsey Crossing',1),(863,'Joan Wells','62-(821)550-6387','2737 8th Street',1),(864,'Charles Hayes','55-(750)398-4406','99545 Sachtjen Drive',1),(865,'Paula Bishop','223-(296)563-5360','53 Troy Junction',1),(866,'Philip Smith','51-(116)943-1742','99347 Spaight Park',1),(867,'Kenneth Shaw','507-(889)582-0430','1274 Bashford Place',1),(868,'Scott Gray','63-(815)305-7881','0 Quincy Center',1),(869,'Marie Cooper','216-(478)826-0482','5659 Union Center',1),(870,'Alice Evans','1-(658)632-1029','65 Fremont Place',1),(871,'Debra Cunningham','351-(543)198-2323','7 Red Cloud Road',1),(872,'Raymond Wilson','218-(895)418-2732','743 Reinke Crossing',1),(873,'Diana Franklin','46-(664)900-7903','38432 Swallow Pass',1),(874,'Annie Powell','385-(592)205-4660','552 Hudson Lane',1),(875,'Sandra Garza','420-(716)765-9777','9970 Manley Crossing',1),(876,'Teresa Green','40-(232)364-6449','5 Surrey Avenue',1),(877,'Annie Peterson','1-(810)112-9570','577 Memorial Hill',1),(878,'Louis Hall','54-(934)717-0290','74767 Hazelcrest Court',1),(879,'Albert Carpenter','86-(245)872-5382','73351 Warbler Road',1),(880,'Deborah Lawrence','54-(417)743-4581','02 Mccormick Terrace',1),(881,'Dorothy Castillo','86-(819)926-9821','59 Londonderry Avenue',1),(882,'Keith Stevens','7-(722)723-0787','28 Norway Maple Center',1),(883,'Jesse Hunt','1-(412)417-0244','62174 Fallview Pass',1),(884,'Aaron Cook','55-(649)710-5567','38601 Mccormick Street',1),(885,'Thomas Olson','55-(825)474-5246','0 Grover Terrace',1),(886,'Laura Dunn','420-(958)578-1658','895 Morning Trail',1),(887,'Amy Evans','964-(843)639-7361','20793 Debra Crossing',1),(888,'Elizabeth Fuller','234-(644)578-2279','20 Northridge Drive',1),(889,'Ruby Cook','976-(465)997-0053','95 Golf View Street',1),(890,'Stephanie Bishop','236-(314)284-8059','2172 Arkansas Place',1),(891,'Maria Reed','62-(105)310-5458','75 Beilfuss Terrace',1),(892,'Wayne Elliott','963-(113)100-9881','731 Carberry Place',1),(893,'Angela Howard','7-(502)815-1485','18388 American Circle',1),(894,'Mary Gordon','48-(343)241-4002','7534 Surrey Alley',1),(895,'Margaret Harvey','86-(509)340-7645','5 Grover Road',1),(896,'Robin Weaver','7-(697)858-9532','45 Fallview Plaza',1),(897,'Amanda Mitchell','63-(552)573-3937','2694 John Wall Point',1),(898,'Laura Dunn','689-(300)112-4999','6120 Bowman Parkway',1),(899,'Wayne Lee','86-(807)963-7666','4 Sugar Trail',1),(900,'Bobby Williamson','372-(302)508-6745','419 Evergreen Hill',1),(901,'Debra Bishop','420-(856)283-3715','31 Troy Pass',1),(902,'Jimmy Robertson','386-(334)625-0037','65824 Hauk Hill',1),(903,'Louise Powell','82-(818)605-4404','38 Hovde Trail',1),(904,'Annie Wilson','976-(895)451-7891','8 Hallows Park',1),(905,'Andrew Simpson','55-(471)455-3710','70390 Bartelt Plaza',1),(906,'Todd Moore','63-(940)344-4941','95581 Hayes Alley',1),(907,'Craig Myers','66-(199)929-7561','519 Susan Alley',1),(908,'Bobby Lawrence','55-(645)135-7171','7 Northport Park',1),(909,'Jacqueline Rose','52-(600)880-6082','84810 Rusk Park',1),(910,'Jason Frazier','86-(864)197-6173','2 Sauthoff Trail',1),(911,'Roy Richardson','86-(130)492-9373','05383 Tennessee Circle',1),(912,'Debra Perez','237-(592)332-0596','44 Blackbird Court',1),(913,'Carl Long','62-(417)548-6489','3287 Scoville Point',1),(914,'Eric Hughes','1-(925)221-5733','110 Boyd Terrace',1),(915,'Lois Hunt','66-(149)776-2028','4162 Ludington Road',1),(916,'Adam Reid','358-(687)883-0847','4598 Caliangt Avenue',1),(917,'Michael Rice','55-(942)570-3412','37202 Thierer Point',1),(918,'Philip Harris','7-(473)424-9237','80 Schurz Way',1),(919,'Julie Wallace','687-(659)258-6857','3 Gateway Drive',1),(920,'Phillip Gilbert','375-(733)996-3899','82 Trailsway Place',1),(921,'Carol Day','62-(973)765-5584','0076 Reindahl Drive',1),(922,'Ashley Freeman','30-(343)957-2148','8 American Point',1),(923,'Janet Boyd','52-(682)240-3511','486 Sutteridge Hill',1),(924,'Donna Jordan','84-(522)867-5029','6611 Harper Trail',1),(925,'Nicholas Burns','46-(471)464-2578','788 Logan Trail',1),(926,'Phyllis Bowman','63-(875)433-9756','4741 Carey Junction',1),(927,'Carlos Webb','63-(527)896-4416','1703 Comanche Way',1),(928,'Angela Weaver','966-(694)547-7232','20412 Vernon Pass',1),(929,'Patrick Robertson','86-(159)299-1994','86286 Messerschmidt Drive',1),(930,'Robin Carpenter','52-(190)924-4362','88660 Messerschmidt Lane',1),(931,'Maria Riley','994-(351)257-3744','93067 Jay Terrace',1),(932,'Ronald Lopez','57-(657)326-0824','1801 Donald Hill',1),(933,'Kathy Stewart','48-(816)513-6703','5912 Forest Run Plaza',1),(934,'Marilyn Bell','1-(659)217-9269','70 Sauthoff Way',1),(935,'Amy Lane','506-(445)690-0527','2 Larry Street',1),(936,'Arthur Wright','420-(819)203-1736','45823 Arrowood Road',1),(937,'Margaret Carr','359-(373)869-2148','6944 Grayhawk Point',1),(938,'Jean Watson','62-(353)175-0637','79 Utah Street',1),(939,'Sara Vasquez','92-(709)744-1353','541 Blackbird Road',1),(940,'Rebecca Ryan','62-(985)367-2396','2564 Dunning Alley',1),(941,'Bonnie Fields','86-(947)595-2195','14 Maple Wood Lane',1),(942,'Cynthia Howell','62-(174)819-7820','6319 Main Road',1),(943,'Louise Sanchez','359-(919)141-3403','26734 Sugar Place',1),(944,'Emily Brown','86-(296)275-4273','02130 Larry Avenue',1),(945,'Tina Willis','55-(224)821-5190','9 Mitchell Park',1),(946,'Kevin Johnson','27-(837)163-8814','05045 Crowley Court',1),(947,'Jimmy Morales','234-(582)148-9066','8167 Fairfield Parkway',1),(948,'Martha Henderson','33-(133)919-1278','4075 Di Loreto Plaza',1),(949,'Jose Powell','371-(703)955-5516','69 Hauk Point',1),(950,'Brian Shaw','62-(812)890-2465','8 Sommers Terrace',1),(951,'Anne Evans','7-(332)924-2830','613 Golf Course Alley',1),(952,'Jeffrey Gibson','351-(710)671-2025','3763 Northport Hill',1),(953,'Kelly Crawford','375-(329)170-1761','72 1st Avenue',1),(954,'Larry Matthews','86-(224)553-0326','7679 Oriole Parkway',1),(955,'Roger Dunn','54-(482)639-3745','57769 Acker Trail',1),(956,'Nicholas Tucker','86-(705)309-4681','46153 Bashford Trail',1),(957,'Walter Larson','966-(665)919-3661','917 Farragut Crossing',1),(958,'Jennifer Powell','33-(443)860-7220','415 Jay Hill',1),(959,'Maria Burke','81-(752)411-1944','63 Novick Terrace',1),(960,'Sarah Arnold','55-(677)390-2124','7953 Katie Junction',1),(961,'Fred Ford','375-(650)881-1273','3 Grasskamp Point',1),(962,'Shirley Black','48-(142)360-5072','625 Rigney Terrace',1),(963,'Cynthia Woods','86-(254)414-0707','09 Ruskin Court',1),(964,'Mary Hunt','234-(116)198-9049','09350 Toban Parkway',1),(965,'Jacqueline Mendoza','86-(247)445-8083','9735 Granby Street',1),(966,'Carlos Torres','267-(279)350-4614','9574 Loomis Park',1),(967,'Kenneth Ramos','94-(603)448-3869','96 Mayfield Trail',1),(968,'Rachel Lawrence','86-(956)575-3349','5944 Division Circle',1),(969,'Theresa Wright','63-(815)355-0413','9246 Holy Cross Parkway',1),(970,'Phillip Perez','62-(573)552-5298','21972 Rieder Avenue',1),(971,'Margaret Griffin','351-(147)222-7767','230 Doe Crossing Circle',1),(972,'Helen Armstrong','86-(583)159-1666','615 Fulton Drive',1),(973,'Andrew Phillips','420-(705)479-6196','0343 American Hill',1),(974,'Andrew Vasquez','376-(583)382-0019','50943 New Castle Way',1),(975,'Eugene Hill','1-(811)776-2316','55 Bay Center',1),(976,'Lawrence Bishop','54-(726)840-4731','2945 Fordem Court',1),(977,'Tammy Rice','380-(267)229-5582','1550 Talisman Park',1),(978,'Martha Williams','86-(325)134-0364','3861 Sommers Street',1),(979,'Gerald Nichols','7-(711)773-2145','5 Transport Hill',1),(980,'Joe Perkins','7-(268)795-1636','84 Shopko Lane',1),(981,'Juan Hall','86-(944)146-1040','7 Luster Way',1),(982,'Janet Hughes','54-(528)170-7188','54193 Washington Terrace',1),(983,'Matthew Castillo','33-(156)682-7515','6270 Moose Street',1),(984,'Christine Fuller','63-(768)179-9919','52 Veith Court',1),(985,'Clarence Oliver','57-(137)412-6902','3 Birchwood Terrace',1),(986,'Timothy Ward','86-(885)233-1853','90 Crescent Oaks Court',1),(987,'Roger Perry','591-(793)429-8536','05056 Brentwood Alley',1),(988,'Bruce Gomez','33-(223)703-8352','3864 Mesta Terrace',1),(989,'Doris Watkins','1-(714)801-8932','5291 Sherman Terrace',1),(990,'Stephen Garza','86-(614)767-5845','2659 Aberg Drive',1),(991,'Judy Little','351-(977)374-0839','403 Dawn Hill',1),(992,'Tina Torres','7-(336)727-7646','73 Grover Court',1),(993,'Carl Hart','86-(536)874-6878','4475 Marcy Way',1),(994,'Cynthia Flores','7-(250)180-0254','990 David Trail',1),(995,'Denise Armstrong','251-(384)262-7140','68 Buhler Parkway',1),(996,'George Alexander','63-(733)638-5066','4563 Lien Center',1),(997,'Carl Larson','55-(881)285-4579','06 4th Street',1),(998,'Andrew Howard','86-(383)536-4966','385 Corben Lane',1),(999,'Benjamin Graham','33-(926)289-6053','6794 Stephen Way',1),(1000,'Raymond Spencer','351-(877)407-2640','9436 Loeprich Place',1),(1001,'Shirley Bradley','64-(763)953-3200','68 Kennedy Court',1),(1002,'Fred Phillips','509-(777)993-2691','2299 7th Drive',1),(1003,'Paul Gardner','351-(861)462-1124','133 Shasta Hill',1),(1004,'Heather Cooper','234-(626)437-3691','616 Prairie Rose Lane',1),(1005,'Terry King','244-(862)652-3531','68 Marcy Crossing',1),(1006,'Helen Armstrong','86-(735)287-9932','8 Eagan Road',1),(1007,'santiang','888888888','abcdef',1);
/*!40000 ALTER TABLE `pelanggan` ENABLE KEYS */;
UNLOCK TABLES;

--
-- Table structure for table `pembelian`
--

DROP TABLE IF EXISTS `pembelian`;
/*!40101 SET @saved_cs_client     = @@character_set_client */;
/*!40101 SET character_set_client = utf8 */;
CREATE TABLE `pembelian` (
  `pembelianID` int(11) NOT NULL AUTO_INCREMENT,
  `supplierID` int(11) DEFAULT NULL,
  `tanggal_transaksi` date DEFAULT NULL,
  `jatuh_tempo` date DEFAULT NULL,
  `subtotal` int(11) DEFAULT NULL,
  `karyawanID` int(11) DEFAULT NULL,
  `disc` float DEFAULT NULL,
  `isPrinted` int(11) DEFAULT NULL,
  `status` varchar(20) DEFAULT NULL,
  `notes` varchar(500) DEFAULT NULL,
  PRIMARY KEY (`pembelianID`),
  KEY `SUPPLIER_FK` (`supplierID`),
  KEY `PEMBELIAN_KARY_FK` (`karyawanID`),
  CONSTRAINT `PEMBELIAN_KARY_FK` FOREIGN KEY (`karyawanID`) REFERENCES `karyawan` (`karyawanID`),
  CONSTRAINT `SUPPLIER_FK` FOREIGN KEY (`supplierID`) REFERENCES `supplier` (`supplierID`)
) ENGINE=InnoDB AUTO_INCREMENT=78 DEFAULT CHARSET=latin1;
/*!40101 SET character_set_client = @saved_cs_client */;

--
-- Dumping data for table `pembelian`
--

LOCK TABLES `pembelian` WRITE;
/*!40000 ALTER TABLE `pembelian` DISABLE KEYS */;
INSERT INTO `pembelian` VALUES (72,5,'2016-12-15',NULL,590400,7,0,0,'lunas',''),(73,18,'2016-12-21',NULL,2000000,7,0,0,'lunas','fuker'),(74,7,'2016-12-12',NULL,100000,7,10,0,'lunas','qpwer'),(75,7,'2016-12-21','2016-12-31',100000,7,10,0,'belum lunas',''),(76,3,'2016-12-07',NULL,1000,7,0,0,'belum lunas',''),(77,5,'2016-12-06',NULL,-1000,7,10,0,'lunas','');
/*!40000 ALTER TABLE `pembelian` ENABLE KEYS */;
UNLOCK TABLES;

--
-- Table structure for table `pembelianbarang`
--

DROP TABLE IF EXISTS `pembelianbarang`;
/*!40101 SET @saved_cs_client     = @@character_set_client */;
/*!40101 SET character_set_client = utf8 */;
CREATE TABLE `pembelianbarang` (
  `pembelianbarangID` int(11) NOT NULL AUTO_INCREMENT,
  `pembelianID` int(11) DEFAULT NULL,
  `quantity` int(11) DEFAULT NULL,
  `harga_per_biji` int(11) DEFAULT NULL,
  `disc_1` float DEFAULT NULL,
  `disc_2` float DEFAULT NULL,
  `disc_3` float DEFAULT NULL,
  `satuanID` int(11) DEFAULT NULL,
  `stokID` int(11) DEFAULT NULL,
  PRIMARY KEY (`pembelianbarangID`),
  KEY `PEMBELIAN_FK` (`pembelianID`),
  KEY `FK_SATUAN_PEMBELIAN` (`satuanID`),
  KEY `PEMBELIAN_STOK_FK` (`stokID`),
  CONSTRAINT `FK_SATUAN_PEMBELIAN` FOREIGN KEY (`satuanID`) REFERENCES `satuanbarang` (`satuanID`),
  CONSTRAINT `PEMBELIAN_FK` FOREIGN KEY (`pembelianID`) REFERENCES `pembelian` (`pembelianID`),
  CONSTRAINT `PEMBELIAN_STOK_FK` FOREIGN KEY (`stokID`) REFERENCES `stok` (`stokID`)
) ENGINE=InnoDB AUTO_INCREMENT=85 DEFAULT CHARSET=latin1;
/*!40101 SET character_set_client = @saved_cs_client */;

--
-- Dumping data for table `pembelianbarang`
--

LOCK TABLES `pembelianbarang` WRITE;
/*!40000 ALTER TABLE `pembelianbarang` DISABLE KEYS */;
INSERT INTO `pembelianbarang` VALUES (79,72,10,60000,1.6,0,0,29,82),(80,73,10,200000,0,0,0,39,87),(81,74,10,10000,0,0,0,33,88),(82,75,10,10000,0,0,0,21,89),(83,76,1,1000,0,0,0,29,90),(84,77,1,10000,110,0,0,28,91);
/*!40000 ALTER TABLE `pembelianbarang` ENABLE KEYS */;
UNLOCK TABLES;

--
-- Table structure for table `penjualan`
--

DROP TABLE IF EXISTS `penjualan`;
/*!40101 SET @saved_cs_client     = @@character_set_client */;
/*!40101 SET character_set_client = utf8 */;
CREATE TABLE `penjualan` (
  `penjualanID` int(11) NOT NULL AUTO_INCREMENT,
  `pelangganID` int(11) DEFAULT NULL,
  `tanggal_transaksi` date DEFAULT NULL,
  `jatuh_tempo` date DEFAULT NULL,
  `subtotal` int(11) DEFAULT NULL,
  `karyawanID` int(11) DEFAULT NULL,
  `isPrinted` int(11) DEFAULT NULL,
  `status` varchar(20) DEFAULT NULL,
  `alamat` varchar(100) DEFAULT NULL,
  `notes` varchar(500) DEFAULT NULL,
  PRIMARY KEY (`penjualanID`),
  KEY `PELANGGAN_FK` (`pelangganID`),
  KEY `PENJUALAN_KARY_FK` (`karyawanID`),
  CONSTRAINT `PELANGGAN_FK` FOREIGN KEY (`pelangganID`) REFERENCES `pelanggan` (`pelangganID`),
  CONSTRAINT `PENJUALAN_KARY_FK` FOREIGN KEY (`karyawanID`) REFERENCES `karyawan` (`karyawanID`)
) ENGINE=InnoDB DEFAULT CHARSET=latin1;
/*!40101 SET character_set_client = @saved_cs_client */;

--
-- Dumping data for table `penjualan`
--

LOCK TABLES `penjualan` WRITE;
/*!40000 ALTER TABLE `penjualan` DISABLE KEYS */;
/*!40000 ALTER TABLE `penjualan` ENABLE KEYS */;
UNLOCK TABLES;

--
-- Table structure for table `penjualanbarang`
--

DROP TABLE IF EXISTS `penjualanbarang`;
/*!40101 SET @saved_cs_client     = @@character_set_client */;
/*!40101 SET character_set_client = utf8 */;
CREATE TABLE `penjualanbarang` (
  `penjualanbarangID` int(11) NOT NULL AUTO_INCREMENT,
  `penjualanID` int(11) DEFAULT NULL,
  `satuanID` int(11) DEFAULT NULL,
  `quantity` int(11) DEFAULT NULL,
  `disc` float DEFAULT NULL,
  `harga_pokok_saat_ini` int(11) DEFAULT NULL,
  `harga_jual_saat_ini` int(11) DEFAULT NULL,
  `stokID` int(11) DEFAULT NULL,
  `nama_barang` varchar(50) DEFAULT NULL,
  PRIMARY KEY (`penjualanbarangID`),
  KEY `PENJUALAN_FK` (`penjualanID`),
  KEY `SATUAN_FK` (`satuanID`),
  KEY `PENJUALANBARANG_STOK_FK` (`stokID`),
  CONSTRAINT `PENJUALANBARANG_STOK_FK` FOREIGN KEY (`stokID`) REFERENCES `stok` (`stokID`),
  CONSTRAINT `PENJUALAN_FK` FOREIGN KEY (`penjualanID`) REFERENCES `penjualan` (`penjualanID`),
  CONSTRAINT `SATUAN_FK` FOREIGN KEY (`satuanID`) REFERENCES `satuanbarang` (`satuanID`)
) ENGINE=InnoDB DEFAULT CHARSET=latin1;
/*!40101 SET character_set_client = @saved_cs_client */;

--
-- Dumping data for table `penjualanbarang`
--

LOCK TABLES `penjualanbarang` WRITE;
/*!40000 ALTER TABLE `penjualanbarang` DISABLE KEYS */;
/*!40000 ALTER TABLE `penjualanbarang` ENABLE KEYS */;
UNLOCK TABLES;

--
-- Table structure for table `returpembelian`
--

DROP TABLE IF EXISTS `returpembelian`;
/*!40101 SET @saved_cs_client     = @@character_set_client */;
/*!40101 SET character_set_client = utf8 */;
CREATE TABLE `returpembelian` (
  `returpembelianID` int(11) NOT NULL AUTO_INCREMENT,
  `pembelianbarangID` int(11) DEFAULT NULL,
  `tanggal` date DEFAULT NULL,
  `quantity` int(11) DEFAULT NULL,
  `karyawanID` int(11) DEFAULT NULL,
  `metode` int(11) DEFAULT NULL,
  PRIMARY KEY (`returpembelianID`),
  KEY `PEMBELIAN_RETUR_FK` (`pembelianbarangID`),
  KEY `RETURPEMBELIAN_KARYAWAN_FK` (`karyawanID`),
  CONSTRAINT `PEMBELIAN_RETUR_FK` FOREIGN KEY (`pembelianbarangID`) REFERENCES `pembelianbarang` (`pembelianbarangID`),
  CONSTRAINT `RETURPEMBELIAN_KARYAWAN_FK` FOREIGN KEY (`karyawanID`) REFERENCES `karyawan` (`karyawanID`)
) ENGINE=InnoDB AUTO_INCREMENT=5 DEFAULT CHARSET=latin1;
/*!40101 SET character_set_client = @saved_cs_client */;

--
-- Dumping data for table `returpembelian`
--

LOCK TABLES `returpembelian` WRITE;
/*!40000 ALTER TABLE `returpembelian` DISABLE KEYS */;
INSERT INTO `returpembelian` VALUES (1,81,'2016-12-05',1,7,0),(2,81,'2016-12-05',1,7,1),(3,82,'2016-12-05',1,7,2),(4,81,'2016-12-05',1,7,2);
/*!40000 ALTER TABLE `returpembelian` ENABLE KEYS */;
UNLOCK TABLES;

--
-- Table structure for table `returpenjualan`
--

DROP TABLE IF EXISTS `returpenjualan`;
/*!40101 SET @saved_cs_client     = @@character_set_client */;
/*!40101 SET character_set_client = utf8 */;
CREATE TABLE `returpenjualan` (
  `returpenjualanID` int(11) NOT NULL AUTO_INCREMENT,
  `penjualanbarangID` int(11) DEFAULT NULL,
  `tanggal` date DEFAULT NULL,
  `quantity` int(11) DEFAULT NULL,
  `karyawanID` int(11) DEFAULT NULL,
  `metode` int(11) DEFAULT NULL,
  PRIMARY KEY (`returpenjualanID`),
  KEY `PENJUALAN_RETUR_FK` (`penjualanbarangID`),
  KEY `RETURPENJUALAN_KARYAWAN_FK` (`karyawanID`),
  CONSTRAINT `PENJUALAN_RETUR_FK` FOREIGN KEY (`penjualanbarangID`) REFERENCES `penjualanbarang` (`penjualanbarangID`),
  CONSTRAINT `RETURPENJUALAN_KARYAWAN_FK` FOREIGN KEY (`karyawanID`) REFERENCES `karyawan` (`karyawanID`)
) ENGINE=InnoDB DEFAULT CHARSET=latin1;
/*!40101 SET character_set_client = @saved_cs_client */;

--
-- Dumping data for table `returpenjualan`
--

LOCK TABLES `returpenjualan` WRITE;
/*!40000 ALTER TABLE `returpenjualan` DISABLE KEYS */;
/*!40000 ALTER TABLE `returpenjualan` ENABLE KEYS */;
UNLOCK TABLES;

--
-- Table structure for table `satuanbarang`
--

DROP TABLE IF EXISTS `satuanbarang`;
/*!40101 SET @saved_cs_client     = @@character_set_client */;
/*!40101 SET character_set_client = utf8 */;
CREATE TABLE `satuanbarang` (
  `satuanID` int(11) NOT NULL AUTO_INCREMENT,
  `barangID` int(11) DEFAULT NULL,
  `harga_jual` int(11) DEFAULT NULL,
  `satuan` varchar(20) DEFAULT NULL,
  `konversi` float DEFAULT NULL,
  `satuan_acuan` varchar(20) DEFAULT NULL,
  `konversi_acuan` float DEFAULT NULL,
  PRIMARY KEY (`satuanID`),
  KEY `BARANG_FK` (`barangID`),
  CONSTRAINT `BARANG_FK` FOREIGN KEY (`barangID`) REFERENCES `barang` (`barangID`)
) ENGINE=InnoDB AUTO_INCREMENT=49 DEFAULT CHARSET=latin1;
/*!40101 SET character_set_client = @saved_cs_client */;

--
-- Dumping data for table `satuanbarang`
--

LOCK TABLES `satuanbarang` WRITE;
/*!40000 ALTER TABLE `satuanbarang` DISABLE KEYS */;
INSERT INTO `satuanbarang` VALUES (14,30,10000,'box',5,'lsn',12),(15,31,14000,'box',4,'lsn',12),(16,31,3000,'lsn',12,'pcs',1),(17,32,14000,'box',2,'lsn',12),(18,32,3000,'lsn',12,'pcs',1),(19,33,14000,'box',5,'lsn',12),(20,33,3000,'lsn',12,'pcs',1),(21,34,14001,'box',60,'lsn',12),(22,34,3000,'lsn',12,'pcs',1),(23,35,300,'box',20,'grs',144),(24,35,400,'grs',144,'pcs',1),(25,35,500,'kod',20,'pcs',1),(26,35,600,'lsn',12,'pcs',1),(27,35,700,'pcs',1,'pcs',1),(28,26,10000,'box',5,'pcs',1),(29,27,11000,'box',10,'pcs',1),(30,28,15000,'box',4,'kod',20),(31,29,16000,'box',5,'kod',20),(32,30,16000,'box',6,'kod',20),(33,36,50000,'box',5,'pcs',1),(34,36,11000,'pcs',1,'pcs',1),(35,37,100000,'box',10,'pcs',1),(36,37,11000,'pcs',1,'pcs',1),(37,38,12000,'box',5,'kod',20),(38,38,700,'kod',20,'pcs',1),(39,39,400000,'box',4,'pcs',1),(40,39,101000,'pcs',1,'pcs',1),(41,40,50000,'box',5,'lsn',12),(42,40,10000,'lsn',12,'pcs',1),(43,41,50000,'box',5,'pcs',1),(44,41,11000,'pcs',1,'pcs',1),(45,42,500,'box',10,'lsn',12),(46,42,70,'grs',144,'pcs',1),(47,42,61,'lsn',12,'pcs',1),(48,43,50000,'box',2.5,'grs',144);
/*!40000 ALTER TABLE `satuanbarang` ENABLE KEYS */;
UNLOCK TABLES;

--
-- Table structure for table `stok`
--

DROP TABLE IF EXISTS `stok`;
/*!40101 SET @saved_cs_client     = @@character_set_client */;
/*!40101 SET character_set_client = utf8 */;
CREATE TABLE `stok` (
  `stokID` int(11) NOT NULL AUTO_INCREMENT,
  `barangID` int(11) DEFAULT NULL,
  `harga_beli` double DEFAULT NULL,
  `stok_awal` int(11) DEFAULT NULL,
  `stok_skrg` int(11) DEFAULT NULL,
  `koreksi` int(11) DEFAULT NULL,
  PRIMARY KEY (`stokID`),
  KEY `BARANG_STOK_FK` (`barangID`),
  CONSTRAINT `BARANG_STOK_FK` FOREIGN KEY (`barangID`) REFERENCES `barang` (`barangID`)
) ENGINE=InnoDB AUTO_INCREMENT=92 DEFAULT CHARSET=latin1;
/*!40101 SET character_set_client = @saved_cs_client */;

--
-- Dumping data for table `stok`
--

LOCK TABLES `stok` WRITE;
/*!40000 ALTER TABLE `stok` DISABLE KEYS */;
INSERT INTO `stok` VALUES (82,27,5367.272727272728,100,100,0),(85,36,3647.0588235294117,100,70,1),(86,36,3647.0588235294117,50,50,1),(87,39,50000,40,40,0),(88,36,3647.0588235294117,50,35,0),(89,34,13.88888888888889,7200,6480,0),(90,27,100,10,10,0),(91,26,-200,5,5,0);
/*!40000 ALTER TABLE `stok` ENABLE KEYS */;
UNLOCK TABLES;

--
-- Table structure for table `supplier`
--

DROP TABLE IF EXISTS `supplier`;
/*!40101 SET @saved_cs_client     = @@character_set_client */;
/*!40101 SET character_set_client = utf8 */;
CREATE TABLE `supplier` (
  `supplierID` int(11) NOT NULL AUTO_INCREMENT,
  `nama` varchar(50) DEFAULT NULL,
  `telp` varchar(20) DEFAULT NULL,
  `alamat` varchar(100) DEFAULT NULL,
  `aktif` int(11) DEFAULT '1',
  PRIMARY KEY (`supplierID`)
) ENGINE=InnoDB AUTO_INCREMENT=507 DEFAULT CHARSET=latin1;
/*!40101 SET character_set_client = @saved_cs_client */;

--
-- Dumping data for table `supplier`
--

LOCK TABLES `supplier` WRITE;
/*!40000 ALTER TABLE `supplier` DISABLE KEYS */;
INSERT INTO `supplier` VALUES (1,'PT BOnka','03184239','Chocolate Fektori',1),(3,'tester','081234','myhome',1),(5,'PT testerino','08412348','Jl cobarino',1),(6,'Gottlieb, Bailey and Marquardt','850-(480)811-2254','0 Pleasure Road',1),(7,'Lueilwitz and Sons','62-(423)858-7347','45 Lunder Avenue',1),(8,'Hane Group','62-(623)846-5336','024 4th Center',1),(9,'Hansen LLC','98-(548)833-3180','05865 Buhler Court',1),(10,'Wyman-Kemmer','62-(482)971-7264','45588 Huxley Terrace',1),(11,'Wintheiser Group','86-(690)911-7469','3130 Riverside Lane',1),(12,'Walker Inc','86-(480)498-0238','33633 New Castle Drive',1),(13,'Upton, Bartoletti and Koch','86-(908)961-1524','81038 Memorial Plaza',1),(14,'Willms-Gaylord','506-(962)361-3596','3156 Browning Center',1),(15,'Macejkovic LLC','86-(352)447-9856','368 Packers Street',1),(16,'Shields, Volkman and Jerde','63-(765)279-7302','1184 Jana Alley',1),(17,'Kling and Sons','7-(879)107-6087','384 Canary Hill',1),(18,'Gottlieb Group','54-(939)225-9947','40096 Weeping Birch Junction',1),(19,'Abshire-Kohler','84-(545)966-5579','76219 Novick Park',1),(20,'Wilkinson, Waelchi and Pagac','62-(489)846-8928','21 Hauk Hill',1),(21,'Rutherford, Hessel and Lueilwitz','86-(741)816-1753','39 Sugar Place',1),(22,'Ledner LLC','7-(335)724-0462','618 Vermont Park',1),(23,'Keeling LLC','63-(476)793-7745','0723 Vahlen Point',1),(24,'Hartmann Group','385-(919)111-1479','65 Johnson Junction',1),(25,'Gleason, Murray and Kub','51-(939)115-4530','6 Huxley Hill',1),(26,'Maggio-Orn','86-(476)587-0519','32 Bowman Pass',1),(27,'Mann-Lind','62-(581)363-1104','1 Pearson Way',1),(28,'Mann and Sons','86-(430)637-5781','7281 Tomscot Junction',1),(29,'Brakus-Kutch','47-(241)782-3465','530 Claremont Terrace',1),(30,'Littel, Bergnaum and Streich','86-(128)424-2334','28 Fieldstone Junction',1),(31,'Watsica-Bashirian','52-(622)638-2778','476 Debra Street',1),(32,'Nicolas, McLaughlin and Heaney','62-(137)740-6540','3 Hagan Lane',1),(33,'VonRueden-Veum','86-(835)338-0639','79 Algoma Way',1),(34,'Weber-Marvin','7-(175)135-5541','47601 Graceland Alley',1),(35,'Emard Inc','48-(671)148-5173','17 American Ash Junction',1),(36,'Cummings-Sanford','7-(111)664-3102','4 Wayridge Parkway',1),(37,'Jones-McCullough','386-(516)579-1953','88009 Chinook Park',1),(38,'Cole-Collins','55-(722)711-3702','52 Elmside Plaza',1),(39,'Purdy LLC','994-(371)117-0934','2 Utah Terrace',1),(40,'Parisian Group','48-(780)813-2184','99699 Dovetail Alley',1),(41,'McDermott, Heller and Little','86-(403)143-7425','9 Valley Edge Junction',1),(42,'Batz Group','351-(333)506-8592','9 Messerschmidt Avenue',1),(43,'Ruecker LLC','385-(503)509-3588','915 Forster Crossing',1),(44,'Roberts, Schmitt and Rempel','385-(536)814-2043','5939 Gina Park',1),(45,'Schaefer Group','54-(512)419-8945','1 Truax Parkway',1),(46,'Beatty-Weimann','503-(872)340-8717','731 Melrose Road',1),(47,'Vandervort-Denesik','51-(136)791-9977','79161 Shopko Crossing',1),(48,'Rolfson and Sons','81-(799)962-7732','12 Mendota Drive',1),(49,'Dooley LLC','94-(528)732-3669','391 Troy Street',1),(50,'Brakus Inc','880-(243)473-7462','508 Bartillon Hill',1),(51,'Bosco, Veum and Rogahn','86-(654)232-2181','462 Magdeline Avenue',1),(52,'Kuphal-Kunde','57-(625)164-0959','0335 Clove Court',1),(53,'Reichert, Marvin and Kovacek','62-(601)586-3227','9 Clyde Gallagher Hill',1),(54,'Kuphal-Skiles','46-(562)340-2753','44361 Talmadge Pass',1),(55,'Shields Group','386-(859)792-5587','326 Prairie Rose Avenue',1),(56,'Altenwerth, Huel and Rice','81-(726)781-9765','87 International Road',1),(57,'Dicki Inc','62-(610)942-0240','38464 Maple Wood Trail',1),(58,'Berge-Leuschke','63-(815)907-5685','795 Westerfield Avenue',1),(59,'Dickinson Inc','46-(142)632-3149','45 Bowman Way',1),(60,'Strosin, Hermiston and Langosh','51-(564)868-5435','1296 Granby Lane',1),(61,'Wisozk-Rath','62-(599)544-7127','960 Lighthouse Bay Pass',1),(62,'Price-Lynch','967-(279)955-6700','53 Barby Hill',1),(63,'Kirlin, Price and Nader','261-(384)385-0286','1648 Luster Parkway',1),(64,'Ratke-Considine','55-(589)682-0877','7 Everett Pass',1),(65,'Ankunding Inc','51-(109)251-9812','27 Vidon Drive',1),(66,'Lubowitz Group','86-(672)550-7437','15 Birchwood Parkway',1),(67,'Mayert-Ortiz','976-(465)464-6882','5472 Warner Plaza',1),(68,'Smith LLC','509-(953)127-5863','22 1st Drive',1),(69,'Ferry, Bednar and Tromp','420-(349)163-8601','2050 Sullivan Pass',1),(70,'Wehner Group','86-(779)869-5055','13 Valley Edge Crossing',1),(71,'Konopelski-Walter','1-(919)886-8187','34 Oakridge Center',1),(72,'Torp Group','63-(546)343-2334','3815 Myrtle Parkway',1),(73,'Hand-Yundt','86-(809)806-5931','5250 Steensland Center',1),(74,'Beahan, Moore and Heaney','86-(753)451-8898','0 Hintze Circle',1),(75,'Kohler-Beer','86-(249)439-4721','2411 Cascade Street',1),(76,'Wunsch-Boehm','55-(620)443-8297','340 Birchwood Lane',1),(77,'Rice Inc','230-(447)256-5683','045 Eliot Lane',1),(78,'Hansen-Deckow','56-(408)290-2496','06975 Surrey Plaza',1),(79,'Pagac and Sons','1-(561)601-2727','57228 Shasta Alley',1),(80,'Hilll-Mohr','86-(693)868-5664','8894 Corben Drive',1),(81,'Thiel, Bosco and Parker','420-(270)792-1699','495 Dovetail Terrace',1),(82,'Stehr Group','54-(120)102-9106','956 Stephen Alley',1),(83,'Spinka Inc','58-(886)557-3158','8 Nelson Pass',1),(84,'Kshlerin, Cormier and Kris','420-(932)203-8494','71 Milwaukee Way',1),(85,'Lesch, Hagenes and Mann','256-(673)308-8977','37 Darwin Trail',1),(86,'Braun and Sons','81-(713)360-1224','35 Talisman Trail',1),(87,'Hammes, Dach and Smith','52-(214)461-3847','69680 Kedzie Alley',1),(88,'Fay Group','86-(263)288-5720','13 Kedzie Hill',1),(89,'Cummerata and Sons','48-(211)765-8634','444 Cherokee Crossing',1),(90,'Lind, Ledner and Heidenreich','216-(562)486-6228','5 American Hill',1),(91,'Lynch-Klocko','351-(291)115-5207','2427 Burning Wood Junction',1),(92,'Rogahn-Gutkowski','63-(600)241-6445','79 Fulton Trail',1),(93,'Kozey, Rath and Pollich','30-(890)852-2124','436 Arapahoe Park',1),(94,'Hudson and Sons','55-(253)902-5884','1 Hermina Circle',1),(95,'Cummings-Ritchie','86-(429)392-4246','33 Moose Circle',1),(96,'Friesen and Sons','81-(799)239-3214','0 Hagan Pass',1),(97,'Dach-Hane','55-(560)875-1373','313 Gateway Trail',1),(98,'Zieme, Howe and Erdman','381-(693)146-9417','588 Tony Circle',1),(99,'Hahn, O\'Kon and Simonis','46-(102)988-9695','9547 Orin Terrace',1),(100,'Barrows, Medhurst and Schaefer','86-(554)759-0706','799 Eagan Park',1),(101,'Mitchell, Runolfsdottir and Beier','420-(543)683-5238','347 Ohio Lane',1),(102,'Lynch LLC','30-(151)308-0903','81 Main Lane',1),(103,'Padberg, Leffler and Green','86-(294)255-3529','8507 4th Point',1),(104,'Langworth-Rosenbaum','86-(861)169-0501','4686 Old Gate Park',1),(105,'Osinski and Sons','55-(811)243-2089','4740 Oxford Court',1),(106,'Mante Inc','63-(286)358-8177','49 Clove Circle',1),(107,'Doyle and Sons','86-(783)148-2277','0059 Washington Drive',1),(108,'Satterfield LLC','7-(322)469-7301','404 Surrey Alley',1),(109,'McClure Inc','63-(803)899-8758','8369 Northview Crossing',1),(110,'Skiles, Tremblay and Willms','86-(668)365-6239','15655 Kingsford Circle',1),(111,'Ryan Inc','86-(458)799-6707','6 Huxley Terrace',1),(112,'Kunze, Huel and Braun','62-(436)268-0349','7 Eliot Alley',1),(113,'Ebert, Goyette and Hoppe','353-(470)989-1619','355 Valley Edge Court',1),(114,'Bednar Inc','86-(641)838-2223','755 Forster Junction',1),(115,'Moore-Nikolaus','86-(824)963-9329','19 Dunning Crossing',1),(116,'Dickens-Volkman','351-(293)333-2030','8 Pond Junction',1),(117,'Marks, Koch and Beahan','48-(849)207-3431','74 Stone Corner Court',1),(118,'Denesik Group','63-(295)317-0108','894 Tony Terrace',1),(119,'Hauck Group','54-(407)232-2024','032 Pond Trail',1),(120,'Effertz-Rice','1-(144)576-8123','483 Dorton Terrace',1),(121,'Schoen-Gaylord','53-(130)855-2349','593 Onsgard Hill',1),(122,'Bednar, Funk and Will','880-(422)328-5529','57 Lawn Crossing',1),(123,'Kutch, Cummings and Macejkovic','30-(522)366-1893','554 Main Center',1),(124,'Breitenberg, Harvey and Harvey','86-(968)652-0157','64900 Manufacturers Center',1),(125,'Hahn-Mills','1-(315)759-5755','6 Hintze Park',1),(126,'Kertzmann, Sanford and Bogan','7-(149)366-4414','6 Blue Bill Park Place',1),(127,'Sauer, Bauch and Metz','1-(224)666-7761','7628 2nd Drive',1),(128,'Cassin LLC','62-(629)852-8432','08941 Mesta Road',1),(129,'Padberg-Goldner','7-(113)534-8031','75 Union Pass',1),(130,'Reilly Group','98-(460)225-8151','46 Sloan Crossing',1),(131,'Emmerich, Kutch and Sauer','62-(783)183-9783','161 Del Mar Junction',1),(132,'Murazik-Pfeffer','229-(606)185-7083','23863 Columbus Circle',1),(133,'Greenholt Group','46-(441)299-6158','58761 Nobel Plaza',1),(134,'Cassin, Quigley and Wyman','86-(968)190-7504','184 Parkside Terrace',1),(135,'Lehner Group','27-(474)310-5183','94 Brentwood Plaza',1),(136,'Stehr-McGlynn','353-(802)255-4398','85076 Shelley Trail',1),(137,'Green-Blick','228-(574)101-0083','0 Heath Avenue',1),(138,'Witting-Beer','48-(700)422-5985','1 Talmadge Terrace',1),(139,'Weber, Swaniawski and Ward','374-(326)684-1447','76773 Mariners Cove Circle',1),(140,'Connelly Group','254-(361)833-8358','9 Bellgrove Way',1),(141,'Marquardt and Sons','62-(387)954-1364','2763 Forest Dale Parkway',1),(142,'Zboncak, Sawayn and Krajcik','81-(618)458-9439','6 Green Street',1),(143,'Herman Group','386-(836)931-6130','40475 Gulseth Street',1),(144,'Mills Group','358-(374)393-6435','89 Katie Hill',1),(145,'Dietrich-Jerde','56-(623)131-1708','815 Lyons Way',1),(146,'Powlowski-Bailey','86-(397)402-5433','3 Schmedeman Avenue',1),(147,'Kertzmann-Howe','55-(667)761-3498','4 Michigan Alley',1),(148,'Huel-Mills','351-(122)360-3877','93840 Nevada Crossing',1),(149,'Johnston LLC','55-(182)364-8255','91355 Schurz Lane',1),(150,'Herman-Windler','967-(521)184-1263','970 Heath Circle',1),(151,'Johnston LLC','992-(838)625-6916','57321 Susan Avenue',1),(152,'Armstrong-O\'Conner','967-(685)948-9452','689 Burning Wood Circle',1),(153,'Botsford, Schoen and Hegmann','62-(275)997-7846','47 Becker Parkway',1),(154,'Kris, Kris and Deckow','380-(927)413-4672','7385 Melrose Crossing',1),(155,'Carter Inc','93-(473)412-5852','68818 Sheridan Road',1),(156,'Wehner, Donnelly and Gleason','63-(251)949-6574','766 Hovde Terrace',1),(157,'Waelchi-Huel','86-(667)938-2173','1 Forest Crossing',1),(158,'Frami Inc','62-(162)950-8598','64465 Cherokee Point',1),(159,'Cummings-Kris','63-(547)543-9175','73 Lien Junction',1),(160,'Kling, Herman and Baumbach','62-(164)621-1669','8 Crownhardt Plaza',1),(161,'Treutel, Feeney and Dare','63-(387)231-1560','98 Golf View Avenue',1),(162,'Kunde-Pacocha','62-(987)727-1518','965 Fairview Point',1),(163,'Dietrich Group','93-(833)628-9022','80 Waywood Plaza',1),(164,'Hoeger, Jast and Bruen','380-(321)674-1071','6 Sunbrook Street',1),(165,'Thiel-Brown','48-(425)996-9362','73 6th Place',1),(166,'Brakus, Conroy and Prohaska','48-(423)223-0583','0 Towne Center',1),(167,'Hartmann-Hills','86-(167)860-8853','0 Bashford Hill',1),(168,'Rath Group','504-(593)243-8075','870 Lyons Drive',1),(169,'Nitzsche, Balistreri and Kessler','33-(975)606-7601','9348 Oak Drive',1),(170,'Labadie LLC','86-(938)378-2987','43790 Gulseth Avenue',1),(171,'Stracke-Gerhold','33-(835)756-3381','896 Main Place',1),(172,'Abshire and Sons','255-(446)162-6335','7 Cordelia Place',1),(173,'Runte, Bernier and Kerluke','62-(897)111-5977','9 Bartillon Trail',1),(174,'Rogahn Group','7-(931)179-3753','13 8th Alley',1),(175,'Kozey, Pagac and Bernier','62-(907)736-2335','3 Eliot Crossing',1),(176,'Skiles, Aufderhar and Metz','62-(333)788-4322','1 Dryden Junction',1),(177,'Crooks Inc','355-(250)783-3242','1871 Hoard Park',1),(178,'Nolan, Corwin and Stiedemann','374-(458)888-9252','2379 Orin Avenue',1),(179,'Rempel and Sons','255-(756)643-6433','4 Meadow Valley Junction',1),(180,'Kirlin, Jakubowski and Kassulke','63-(523)772-6685','06 Arkansas Lane',1),(181,'Douglas-Ziemann','66-(781)947-3767','0567 Red Cloud Pass',1),(182,'Bailey, Bauch and Zulauf','52-(433)554-6450','13002 Heath Way',1),(183,'Auer-Langworth','86-(336)918-1658','98 Manufacturers Way',1),(184,'Jaskolski, Gaylord and Eichmann','41-(747)685-2249','00512 Roxbury Crossing',1),(185,'Wilkinson Inc','57-(920)711-6867','2896 Northport Center',1),(186,'Legros and Sons','86-(127)629-2977','4 South Lane',1),(187,'Stracke-Tremblay','1-(507)250-8096','5358 Delladonna Avenue',1),(188,'Johns-Carter','994-(741)478-9430','057 Eagle Crest Crossing',1),(189,'West-Howe','227-(409)508-2477','9419 Rockefeller Drive',1),(190,'McClure and Sons','86-(189)828-4758','61 Golf Parkway',1),(191,'Heller and Sons','237-(664)206-0560','240 Dawn Park',1),(192,'Kautzer, Bergstrom and Hane','86-(188)921-4226','6 Nancy Drive',1),(193,'Keeling and Sons','62-(125)100-5561','5511 Arapahoe Junction',1),(194,'Kreiger, Botsford and Shanahan','62-(466)910-2177','0555 Utah Park',1),(195,'Kihn-Runolfsdottir','51-(456)511-8543','87087 Caliangt Drive',1),(196,'Mann and Sons','359-(224)727-9107','763 7th Pass',1),(197,'Kunde-Kuphal','7-(941)987-2626','8518 Chive Terrace',1),(198,'Becker Group','86-(430)619-1888','80698 Maple Wood Plaza',1),(199,'Hagenes, Hirthe and Stanton','62-(715)267-9758','4 Evergreen Street',1),(200,'Blick-Will','62-(937)620-9295','288 Kedzie Way',1),(201,'Jaskolski, Legros and Ritchie','86-(904)159-4377','7025 Eliot Trail',1),(202,'Schneider LLC','1-(903)643-7878','05 Holy Cross Terrace',1),(203,'Skiles-Waelchi','86-(636)172-3173','8842 Brickson Park Terrace',1),(204,'Abshire LLC','64-(907)400-6241','347 Novick Alley',1),(205,'Padberg-Stokes','86-(722)317-8451','6776 Utah Trail',1),(206,'Schumm Group','86-(649)486-6402','6249 8th Alley',1),(207,'Kemmer Inc','229-(188)598-0041','2458 Emmet Drive',1),(208,'Goldner-Doyle','994-(251)605-3111','51 Granby Circle',1),(209,'Doyle, Metz and Johnson','86-(973)321-7263','82776 Katie Pass',1),(210,'Walsh-Romaguera','48-(766)421-1127','1579 Dapin Terrace',1),(211,'Volkman-Pfannerstill','93-(767)599-6873','6125 Bultman Lane',1),(212,'Kub-Murray','62-(314)936-0214','6178 Meadow Vale Park',1),(213,'Kreiger-Pfannerstill','86-(468)848-2028','5 Sachs Way',1),(214,'Macejkovic Inc','62-(375)184-4593','39871 Grasskamp Center',1),(215,'Price, Sporer and Beier','1-(443)498-0014','31 Sundown Road',1),(216,'Roob Group','86-(861)131-6788','18 Vera Junction',1),(217,'Ziemann-Schamberger','7-(420)860-6807','665 Northridge Center',1),(218,'Conn and Sons','245-(515)468-3238','380 Northwestern Point',1),(219,'Mayer, Bailey and Durgan','504-(266)121-1293','1012 Summer Ridge Point',1),(220,'Williamson-Berge','86-(819)603-1833','5618 Garrison Park',1),(221,'Kilback-Ruecker','351-(453)529-2877','89 Vernon Point',1),(222,'Howe Inc','7-(248)963-0013','90 Anthes Terrace',1),(223,'Nitzsche, Kessler and VonRueden','48-(190)457-1592','78 Glendale Plaza',1),(224,'Marquardt and Sons','63-(911)641-2911','26 Dwight Hill',1),(225,'Lindgren Group','86-(878)282-0214','43159 Chive Avenue',1),(226,'Morissette, Walter and Gibson','52-(787)357-6817','14 Barnett Street',1),(227,'Renner LLC','7-(747)781-1956','4 Debs Alley',1),(228,'Beatty LLC','62-(739)489-2794','8 Dapin Parkway',1),(229,'Conroy, Fahey and Goyette','64-(762)611-6618','73 Melody Crossing',1),(230,'Watsica Group','63-(795)220-5706','6436 Tony Pass',1),(231,'Paucek, Pfeffer and Hauck','86-(793)478-8896','896 Summit Plaza',1),(232,'Fritsch, Harber and Eichmann','62-(734)555-4263','81 Luster Alley',1),(233,'Labadie, Dicki and Metz','86-(412)572-2095','8174 Artisan Way',1),(234,'Sporer, Mayer and Ledner','371-(181)432-9583','28334 Vera Trail',1),(235,'Bartell Group','86-(187)375-7079','41 Mockingbird Place',1),(236,'Ankunding, Wiza and Terry','33-(395)522-7330','106 Haas Drive',1),(237,'Eichmann, Ledner and Williamson','62-(435)586-1289','2990 Onsgard Trail',1),(238,'Kessler-Sauer','86-(518)409-7883','93611 Coleman Point',1),(239,'Kertzmann, Zemlak and Powlowski','51-(641)739-3670','7 Melrose Alley',1),(240,'Wunsch Inc','48-(650)523-3907','89 Nancy Street',1),(241,'Bins, Gutkowski and Tremblay','62-(723)460-4215','95 Mesta Crossing',1),(242,'Ziemann Inc','86-(697)164-1689','96 Mcguire Parkway',1),(243,'DuBuque LLC','62-(568)608-2609','550 Tennyson Lane',1),(244,'Hamill-Kassulke','86-(593)934-0953','81798 Melvin Crossing',1),(245,'Stroman, Quigley and Russel','351-(645)185-9388','735 Quincy Court',1),(246,'Rowe, Ward and Kuphal','226-(619)325-6864','5 Daystar Alley',1),(247,'Kling-Nolan','234-(957)314-6982','66 Buell Park',1),(248,'Mayer-Ullrich','86-(981)494-3940','491 Debra Court',1),(249,'Schamberger, Kuhlman and Heidenreich','81-(476)329-6257','94677 Goodland Circle',1),(250,'Walker-Strosin','256-(875)886-1582','51271 Village Green Trail',1),(251,'Rosenbaum, Blanda and Skiles','62-(970)267-5326','9465 Caliangt Trail',1),(252,'Connelly-Prohaska','7-(688)407-5057','91 Bunker Hill Pass',1),(253,'Howell-Ratke','62-(417)828-1877','273 Sullivan Alley',1),(254,'Stroman-Nitzsche','1-(588)253-3716','56549 Grasskamp Trail',1),(255,'Carter, Wisoky and Koelpin','62-(193)461-7463','4 Sunnyside Lane',1),(256,'Satterfield Inc','63-(271)478-0807','58 Forest Dale Junction',1),(257,'Lang-Cronin','98-(502)897-2383','328 Warner Parkway',1),(258,'Lemke, Hettinger and Rolfson','86-(214)535-4630','7 Buena Vista Court',1),(259,'Lindgren and Sons','86-(277)690-6478','53388 Judy Court',1),(260,'Murazik-Balistreri','86-(479)524-1333','2753 Carberry Street',1),(261,'Strosin and Sons','48-(656)330-1888','1548 Messerschmidt Center',1),(262,'Stokes, Simonis and Von','86-(876)249-1585','25518 Sundown Junction',1),(263,'Kuhn-Kris','381-(995)128-0734','323 Heffernan Trail',1),(264,'Schmidt-Parker','212-(865)979-8728','4445 Sheridan Park',1),(265,'Schamberger, Howe and McKenzie','86-(354)757-3698','1 Golf Center',1),(266,'Murazik LLC','81-(178)678-8781','7 Texas Hill',1),(267,'Sauer-Windler','86-(807)341-3988','8519 Corry Center',1),(268,'Gibson, Paucek and Roberts','998-(825)729-3566','6678 Dryden Point',1),(269,'Stoltenberg-Schulist','7-(372)983-2369','4 Oak Valley Lane',1),(270,'Mann LLC','55-(919)197-3950','342 Schmedeman Hill',1),(271,'Walsh LLC','86-(458)729-8055','47 Fairview Court',1),(272,'Feil Inc','63-(622)584-0724','0 Village Green Crossing',1),(273,'Batz Inc','86-(340)516-5274','015 Banding Pass',1),(274,'Mante and Sons','351-(667)555-6219','98 Huxley Drive',1),(275,'Kuhic-Pollich','63-(769)555-3674','9 Doe Crossing Alley',1),(276,'Walter, Rau and Bayer','86-(362)641-7684','15603 Lunder Circle',1),(277,'Block Inc','57-(183)945-6296','58340 East Crossing',1),(278,'Denesik LLC','86-(415)951-2751','13708 Grayhawk Crossing',1),(279,'Toy Inc','81-(242)892-6455','8760 Onsgard Center',1),(280,'Ernser, Schamberger and Collins','62-(169)197-2619','61 Swallow Hill',1),(281,'Huel, Koelpin and Ruecker','55-(143)264-4144','8 Tennyson Park',1),(282,'Boyle, Kuvalis and Schimmel','55-(438)190-4539','7715 Buhler Pass',1),(283,'Kassulke-Moore','242-(120)624-0064','5724 Bluestem Lane',1),(284,'Trantow Group','86-(164)270-6056','7 Anthes Terrace',1),(285,'Ebert Inc','853-(306)577-3882','1125 Morrow Drive',1),(286,'Morar, Stiedemann and Kassulke','82-(518)865-4751','9 Vera Plaza',1),(287,'Kozey-Pollich','976-(719)670-7755','39 Scofield Avenue',1),(288,'Crona, Bradtke and Davis','63-(423)448-8761','7067 Sutherland Alley',1),(289,'Adams, Hodkiewicz and Nader','41-(910)508-8649','4 Harper Lane',1),(290,'Smith LLC','86-(743)883-4662','060 Summerview Avenue',1),(291,'Johnston-Bergstrom','84-(748)385-0430','1922 Clarendon Terrace',1),(292,'Oberbrunner, Rice and Runte','86-(906)736-3963','007 Iowa Drive',1),(293,'Reynolds, Ullrich and Kunde','351-(118)632-0104','3 Waywood Point',1),(294,'Schoen-Lemke','54-(601)704-6714','4689 Prairieview Plaza',1),(295,'Emard, Boehm and Langworth','66-(315)276-6402','8 Messerschmidt Park',1),(296,'McKenzie-Jacobson','86-(713)741-2622','70343 Eliot Place',1),(297,'Parisian, Wisozk and Brown','55-(372)204-8664','50384 Emmet Court',1),(298,'Kirlin-Marquardt','54-(195)127-0254','8 Northport Avenue',1),(299,'Wilkinson and Sons','66-(923)131-2043','0 Londonderry Road',1),(300,'Hills Group','86-(190)753-2394','963 Gerald Junction',1),(301,'Kuhn, Trantow and Gusikowski','374-(510)290-1948','69957 Morning Point',1),(302,'Prosacco Inc','504-(142)559-3898','3 Northland Lane',1),(303,'Reilly Group','55-(565)384-2549','10275 Rigney Place',1),(304,'King, Mayert and Daniel','7-(391)879-3284','78 John Wall Parkway',1),(305,'Murray-Weissnat','1-(314)176-3189','57100 Old Shore Place',1),(306,'Mayer and Sons','86-(441)790-1804','795 Lakeland Junction',1),(307,'Satterfield-Kiehn','55-(551)840-2513','87 Lindbergh Avenue',1),(308,'Miller-Ernser','86-(259)995-7159','18555 Memorial Hill',1),(309,'Schinner Inc','46-(199)109-9162','6 Spenser Park',1),(310,'Prosacco LLC','591-(903)184-5871','2 Summerview Parkway',1),(311,'Connelly Inc','52-(633)600-5192','700 Center Street',1),(312,'Wilkinson LLC','86-(749)388-2339','967 Bartillon Court',1),(313,'Labadie-Toy','48-(289)999-1268','5 Lukken Crossing',1),(314,'Greenholt, Kuhn and Prosacco','234-(207)615-0009','6273 Holy Cross Crossing',1),(315,'Swaniawski LLC','351-(138)636-2905','8505 Eggendart Park',1),(316,'Herman Inc','86-(126)132-9641','86 1st Junction',1),(317,'Quitzon-Block','86-(500)610-3525','817 Farragut Drive',1),(318,'Stark-Kihn','86-(696)179-0924','26 Prairie Rose Park',1),(319,'Witting-McDermott','86-(429)614-2277','586 Magdeline Hill',1),(320,'Cartwright LLC','98-(243)863-0915','88972 Sachtjen Center',1),(321,'O\'Reilly, Hettinger and Cartwright','62-(289)104-7177','64 Talisman Trail',1),(322,'Greenholt-Dicki','86-(934)559-9723','85824 Trailsway Terrace',1),(323,'Stehr Group','1-(740)337-4449','1 Roth Plaza',1),(324,'Hegmann, Stoltenberg and Russel','33-(628)561-1783','99221 Corry Way',1),(325,'Barton Group','86-(443)382-9220','6 Arapahoe Way',1),(326,'Breitenberg LLC','33-(635)699-9065','072 Southridge Parkway',1),(327,'Rutherford, Stehr and Wisozk','86-(344)836-6899','4856 Westridge Hill',1),(328,'Schroeder Inc','52-(984)968-0024','9 Delladonna Hill',1),(329,'Schoen-Crooks','7-(461)971-1018','6522 Columbus Circle',1),(330,'Batz LLC','63-(658)512-3467','60 Del Sol Lane',1),(331,'Adams, Lehner and Ullrich','31-(746)922-2235','74208 Shoshone Park',1),(332,'Hilll Group','380-(757)592-4559','22 Elgar Park',1),(333,'Daniel and Sons','33-(827)910-9994','282 Hovde Pass',1),(334,'Bartell Group','57-(377)578-0390','9 Veith Hill',1),(335,'Altenwerth Group','46-(599)175-6338','39 Rieder Crossing',1),(336,'Donnelly, Stoltenberg and Tillman','33-(472)126-4792','2928 Calypso Place',1),(337,'Ziemann and Sons','1-(749)205-3391','663 Del Sol Alley',1),(338,'McDermott Group','56-(554)643-7632','2412 Coleman Way',1),(339,'D\'Amore, Murphy and Walker','53-(529)723-7233','2229 Monument Pass',1),(340,'Hansen-Turner','62-(145)538-2269','847 Mallory Hill',1),(341,'Bogisich, Swaniawski and Dickinson','62-(457)382-5374','2359 Old Gate Hill',1),(342,'Bauch, Morar and Hintz','1-(756)711-5244','40 Kensington Parkway',1),(343,'Dibbert-Schuppe','86-(129)178-1978','7 Gulseth Street',1),(344,'Abbott and Sons','381-(460)347-7421','16 Debs Hill',1),(345,'Wiegand, Heaney and Nader','55-(231)355-7485','5518 Crowley Parkway',1),(346,'Glover Inc','232-(471)694-3650','57630 Eastlawn Center',1),(347,'Kuhlman-Schaefer','46-(200)915-0157','9 Maryland Parkway',1),(348,'Wehner, Mitchell and Anderson','86-(175)699-4932','973 Mendota Place',1),(349,'Schulist, Johns and Bednar','62-(695)510-5176','2799 Spaight Parkway',1),(350,'Pollich-Russel','27-(782)940-1690','2690 Talmadge Way',1),(351,'Funk-Feil','46-(182)794-6929','24446 Tennyson Trail',1),(352,'Torp-Stamm','48-(564)586-8343','1 Luster Alley',1),(353,'Beier Inc','62-(287)607-0633','552 Knutson Road',1),(354,'Auer Inc','7-(949)219-3970','15506 Cordelia Circle',1),(355,'Maggio-Wyman','92-(555)210-7999','27566 Truax Street',1),(356,'Jones-Langosh','62-(669)274-7740','702 Petterle Pass',1),(357,'Wolff, Ortiz and Stiedemann','51-(698)353-0243','92089 Autumn Leaf Road',1),(358,'Thiel, White and Blanda','63-(281)928-4822','0241 Alpine Place',1),(359,'O\'Reilly Inc','86-(494)287-6377','5 Sherman Road',1),(360,'Robel LLC','351-(183)313-9630','89 Harper Parkway',1),(361,'Bosco, Wuckert and Keeling','86-(733)378-8637','76 Melvin Circle',1),(362,'Jacobson LLC','51-(248)156-8944','49 Dwight Junction',1),(363,'Baumbach Group','86-(253)598-3969','27 Springs Point',1),(364,'Hansen and Sons','7-(836)274-5016','5 Starling Way',1),(365,'Shields-Schumm','591-(598)456-7748','3328 Troy Avenue',1),(366,'Auer-Crooks','63-(184)369-3494','30 Shopko Terrace',1),(367,'Greenholt-Willms','54-(528)328-6889','764 Welch Avenue',1),(368,'Dare LLC','380-(251)185-8734','4650 Morningstar Park',1),(369,'Breitenberg Inc','380-(270)638-6867','25727 Almo Place',1),(370,'Moen, Hamill and Thompson','62-(681)691-0117','2849 Banding Crossing',1),(371,'VonRueden, Streich and McGlynn','7-(202)812-1618','59 Dapin Park',1),(372,'Armstrong and Sons','86-(409)720-7724','099 Sherman Drive',1),(373,'Medhurst LLC','63-(559)795-0473','9935 Linden Center',1),(374,'Shields-Kiehn','976-(186)694-3768','5085 Beilfuss Pass',1),(375,'Graham Group','7-(479)851-3839','72 Clyde Gallagher Hill',1),(376,'Keebler-Zulauf','62-(228)344-4596','8 Bluestem Terrace',1),(377,'Kuvalis-Dare','55-(706)930-7779','971 Elgar Street',1),(378,'Kertzmann-Dickinson','998-(867)635-8405','2 Sycamore Pass',1),(379,'Lockman, Hilll and Hudson','48-(816)799-4502','7867 Summerview Hill',1),(380,'Kulas, Jaskolski and Haley','63-(954)487-3106','250 Lillian Circle',1),(381,'Collier Inc','387-(235)205-3244','084 Dwight Parkway',1),(382,'Grady, Schultz and Jaskolski','62-(551)985-6283','55 Center Way',1),(383,'Feil-Steuber','86-(160)976-9127','738 Spenser Junction',1),(384,'Swaniawski LLC','57-(162)756-2625','3131 Merry Alley',1),(385,'Schoen and Sons','86-(832)457-8654','9 Forster Drive',1),(386,'Buckridge-Franecki','51-(349)169-0746','346 Eastwood Avenue',1),(387,'Luettgen-Kulas','420-(278)406-4902','4 Knutson Avenue',1),(388,'Emard and Sons','47-(675)305-9496','2973 Stuart Hill',1),(389,'Mitchell, Bailey and Konopelski','86-(362)849-7421','82419 Thackeray Crossing',1),(390,'Kerluke Group','1-(101)561-1793','5 Springview Road',1),(391,'Considine-Herman','381-(312)886-0615','0730 High Crossing Drive',1),(392,'Cremin, Klein and Dooley','255-(363)136-2180','7 Redwing Crossing',1),(393,'Tillman LLC','351-(350)798-4838','22203 Crowley Court',1),(394,'Barrows, Runolfsdottir and Grady','86-(211)978-2430','54410 Acker Junction',1),(395,'Gusikowski LLC','46-(444)229-1821','17 Golden Leaf Court',1),(396,'Beatty, Corwin and Rolfson','51-(367)796-2105','719 Delladonna Junction',1),(397,'Bernhard LLC','358-(248)907-2454','210 Commercial Drive',1),(398,'McClure Group','62-(709)247-1825','69566 Walton Street',1),(399,'Braun LLC','62-(915)286-0144','03 Sachtjen Way',1),(400,'Schumm, Stark and Zemlak','86-(439)406-0012','15 Delaware Park',1),(401,'Littel-Rau','46-(651)841-3190','450 Merry Trail',1),(402,'Herman, Waelchi and Gerlach','62-(889)967-4725','6 Lukken Terrace',1),(403,'Boyle Inc','48-(925)656-9650','7622 Rieder Street',1),(404,'Konopelski, Trantow and Prohaska','86-(183)994-6827','59136 Kingsford Court',1),(405,'Renner-Kassulke','98-(777)875-5819','3055 Drewry Crossing',1),(406,'Prosacco Inc','7-(538)704-0821','41470 Roth Way',1),(407,'Lemke, Volkman and Baumbach','598-(408)905-0917','3171 Oak Valley Parkway',1),(408,'Boyer, Bernier and MacGyver','63-(906)141-3284','84 Mayfield Court',1),(409,'Walker and Sons','81-(556)551-0549','08282 Maple Lane',1),(410,'Hessel LLC','62-(136)651-9040','102 Pierstorff Pass',1),(411,'Mayer-Cronin','380-(961)493-6427','04 Service Drive',1),(412,'Macejkovic-Wisoky','30-(192)127-2550','3 Northland Drive',1),(413,'Christiansen-D\'Amore','86-(490)206-4595','9 Browning Street',1),(414,'Koelpin, Schneider and Orn','54-(190)739-2159','96 Brickson Park Pass',1),(415,'Mann, Heathcote and Friesen','86-(919)184-1064','816 Dorton Lane',1),(416,'Zboncak-Bins','86-(983)492-2990','3518 Upham Lane',1),(417,'Dietrich Inc','86-(292)472-4703','16 Summerview Point',1),(418,'Kassulke-Ruecker','371-(467)369-0890','1338 Lake View Center',1),(419,'Murray, Sipes and Sawayn','46-(148)713-3726','9833 Vahlen Park',1),(420,'Buckridge, Pacocha and Schuster','46-(830)147-3690','4 Michigan Plaza',1),(421,'Ortiz Inc','86-(584)453-9832','20 Troy Circle',1),(422,'Rodriguez, Kirlin and Nicolas','33-(901)252-5121','76 Hallows Alley',1),(423,'Osinski Inc','7-(995)343-0592','51 Rieder Drive',1),(424,'Schaefer Inc','86-(996)897-9408','46 Chinook Junction',1),(425,'Nikolaus, Armstrong and Morissette','244-(695)243-2679','4784 Maryland Parkway',1),(426,'Bartell-Purdy','86-(561)419-7111','28273 Amoth Circle',1),(427,'Hoppe-Ernser','212-(129)924-1826','15642 Prairie Rose Crossing',1),(428,'Rippin, Hettinger and Purdy','46-(845)316-3683','173 Farragut Junction',1),(429,'Schiller-Johns','62-(815)169-5439','62430 Quincy Avenue',1),(430,'Upton, Hegmann and Gulgowski','1-(754)564-7578','25 Lillian Circle',1),(431,'Quigley Group','62-(472)684-9587','1 Stuart Drive',1),(432,'Flatley LLC','63-(572)606-1567','7 Warbler Pass',1),(433,'Douglas-Quitzon','380-(750)238-1039','8 Thompson Plaza',1),(434,'Wilderman Group','55-(402)597-8689','00769 Oxford Drive',1),(435,'Kunde and Sons','7-(364)718-1190','3 Park Meadow Lane',1),(436,'Lueilwitz LLC','30-(597)718-5809','448 Eastwood Center',1),(437,'MacGyver-Mills','1-(410)825-8770','2 Iowa Point',1),(438,'Haley and Sons','971-(332)966-0320','2509 Briar Crest Alley',1),(439,'Bode Inc','86-(924)855-7544','4194 Fairview Street',1),(440,'Steuber, Harber and Green','351-(911)204-0889','6875 Novick Court',1),(441,'Emard-Parker','33-(258)440-5033','02 Jackson Terrace',1),(442,'Dooley-Murray','31-(770)299-7302','5846 Declaration Plaza',1),(443,'Schroeder, Muller and Spencer','7-(937)601-1925','56 Larry Circle',1),(444,'McLaughlin-Gaylord','81-(724)648-5622','8 Hoffman Court',1),(445,'Langworth Inc','7-(754)810-8755','757 Corscot Street',1),(446,'Roberts Inc','7-(870)830-4971','690 Westerfield Crossing',1),(447,'Fritsch-Ebert','86-(273)495-0414','67 Everett Avenue',1),(448,'Gislason-Johnson','55-(559)607-4280','8 Elka Parkway',1),(449,'Goyette Inc','55-(353)205-7676','54447 Lillian Place',1),(450,'Bednar-Spencer','86-(388)678-5967','9874 Forest Run Junction',1),(451,'Gerlach-Stiedemann','86-(657)600-2189','398 Dryden Point',1),(452,'Kassulke, Bahringer and Graham','1-(850)230-7706','1 Macpherson Court',1),(453,'Breitenberg-Johnston','351-(237)868-2254','52 Annamark Court',1),(454,'Ziemann-Price','1-(479)632-7126','2462 Lien Point',1),(455,'Pollich Group','51-(260)933-9017','68602 Mosinee Lane',1),(456,'Dietrich-Kemmer','62-(121)627-2330','36 Ramsey Way',1),(457,'Padberg-Welch','86-(793)828-9039','18247 Pine View Lane',1),(458,'Hansen and Sons','62-(771)672-8352','23326 South Parkway',1),(459,'Hessel LLC','93-(524)228-9652','19546 Utah Pass',1),(460,'Christiansen-Cormier','63-(734)373-7558','68034 Oak Valley Place',1),(461,'MacGyver-Cummings','86-(753)241-7366','125 Morning Pass',1),(462,'Grimes-Ward','33-(792)183-9571','086 Rutledge Alley',1),(463,'Senger, Kutch and Gerhold','380-(476)865-7917','06422 Glendale Center',1),(464,'Volkman Group','234-(634)435-0412','281 Hovde Avenue',1),(465,'Champlin-Stokes','506-(115)909-7888','0214 Debra Avenue',1),(466,'Kub-Yost','62-(652)323-2826','107 Red Cloud Point',1),(467,'Rolfson-Yost','60-(230)120-9392','9 Cody Terrace',1),(468,'Stroman, Champlin and Crist','48-(464)129-0300','4 Lakewood Way',1),(469,'Feil, Zemlak and O\'Connell','48-(206)868-2870','14146 Montana Drive',1),(470,'Satterfield, Hermann and Oberbrunner','86-(803)308-8596','299 Redwing Drive',1),(471,'White LLC','86-(984)716-6511','0 Gateway Court',1),(472,'Lindgren, Beer and Hagenes','386-(609)699-6380','64629 Prairie Rose Hill',1),(473,'Corwin-Jast','255-(239)697-1493','1 Nevada Point',1),(474,'Abernathy-Hand','66-(700)900-5572','48437 Roxbury Court',1),(475,'Hickle-Roberts','961-(847)725-1309','86 Mosinee Road',1),(476,'McCullough, Gibson and Runolfsdottir','62-(892)159-8759','8 Onsgard Trail',1),(477,'Gleason LLC','1-(517)810-4252','2 Longview Crossing',1),(478,'Heaney, Welch and Rempel','63-(978)896-0125','48749 Rockefeller Trail',1),(479,'Considine, Hegmann and Herzog','44-(517)326-8072','4338 Bay Hill',1),(480,'Roob, Kiehn and Graham','52-(922)226-9996','25290 Northridge Lane',1),(481,'Parker LLC','212-(800)294-7096','14336 Blackbird Parkway',1),(482,'Leannon-Halvorson','86-(964)975-6892','2987 Maple Alley',1),(483,'Moen, Quigley and Lynch','62-(345)262-5239','82 Morning Parkway',1),(484,'Hahn Group','1-(216)652-4793','56531 Oak Valley Road',1),(485,'Kilback, Nicolas and King','7-(809)771-0791','3 Haas Court',1),(486,'Braun-Ratke','351-(274)197-3495','8 Boyd Hill',1),(487,'Hermann, Schowalter and Rau','86-(906)255-9981','02 Bartillon Plaza',1),(488,'Satterfield, Lebsack and Yost','389-(778)249-8222','311 Pearson Avenue',1),(489,'Mann Group','386-(633)928-3926','3 Corben Drive',1),(490,'Will Inc','84-(475)913-3980','965 Saint Paul Circle',1),(491,'Hansen, Collier and Kozey','20-(395)359-8741','3390 Fallview Place',1),(492,'Hilll-Gleason','86-(846)308-0399','9590 Mccormick Court',1),(493,'Hackett and Sons','7-(905)599-2426','0252 Kedzie Park',1),(494,'Bahringer, Gleason and Powlowski','46-(306)452-2516','62822 Hovde Center',1),(495,'Rice and Sons','62-(691)940-1046','386 Susan Crossing',1),(496,'Lubowitz-Johns','86-(568)964-9525','85721 Mifflin Terrace',1),(497,'O\'Keefe Group','62-(152)745-3988','57 Mesta Parkway',1),(498,'Kunde Group','20-(686)403-4135','3239 Mcguire Hill',1),(499,'Funk, Boyle and Marvin','57-(721)784-3611','491 Dexter Terrace',1),(500,'Kerluke-Nikolaus','966-(646)443-0539','4 Laurel Way',1),(501,'Towne-Gislason','86-(518)978-1950','23 Independence Hill',1),(502,'Howell-Douglas','62-(548)304-0985','0 Autumn Leaf Trail',1),(503,'Effertz-Fadel','62-(895)963-4435','06 Lakewood Plaza',1),(504,'Medhurst LLC','86-(305)760-6787','80 Hermina Crossing',1),(505,'Cormier Inc','593-(591)369-8176','8051 Warrior Park',1),(506,'cobarinocoba','123456789','jl cobarinocoba',1);
/*!40000 ALTER TABLE `supplier` ENABLE KEYS */;
UNLOCK TABLES;

--
-- Table structure for table `token`
--

DROP TABLE IF EXISTS `token`;
/*!40101 SET @saved_cs_client     = @@character_set_client */;
/*!40101 SET character_set_client = utf8 */;
CREATE TABLE `token` (
  `tokenID` int(11) NOT NULL AUTO_INCREMENT,
  `token` varchar(40) DEFAULT NULL,
  `statusToken` varchar(30) DEFAULT NULL,
  `karyawanID` int(11) DEFAULT NULL,
  PRIMARY KEY (`tokenID`),
  KEY `KARY_TOKEN_FK` (`karyawanID`),
  CONSTRAINT `KARY_TOKEN_FK` FOREIGN KEY (`karyawanID`) REFERENCES `karyawan` (`karyawanID`)
) ENGINE=InnoDB AUTO_INCREMENT=233 DEFAULT CHARSET=latin1;
/*!40101 SET character_set_client = @saved_cs_client */;

--
-- Dumping data for table `token`
--

LOCK TABLES `token` WRITE;
/*!40000 ALTER TABLE `token` DISABLE KEYS */;
INSERT INTO `token` VALUES (13,'20c7f211-72a8-41e0-abc5-e44ee8f2904b','aktif',2),(14,'7c669442-4d65-4b9b-b501-f213be264aa7','inaktif',2),(15,'d73de0c1-a4ec-4395-9bee-62f8e1183d84','aktif',3),(16,'efa33429-4de2-42c6-93fd-8c6b96a02cc1','aktif',2),(17,'f9ef6939-7937-452a-a089-1597eb8f9bb4','aktif',2),(18,'327bbf05-bfe1-4ea3-ad51-283c2379f38f','aktif',2),(19,'076e7a1b-1e49-438d-a451-e525aac6c669','aktif',2),(20,'545e4232-c5e8-4e2a-9395-0f3475498c53','aktif',2),(21,'1f099068-fe1f-4720-a2b5-bb8223f12d08','aktif',2),(22,'e31dae62-c23c-47d1-947d-933361b8dd6e','aktif',2),(23,'4761f740-95f7-45a1-a7f2-5405b9c66c15','aktif',2),(24,'81cc817c-8adb-4392-b59e-f54a93b9e18e','aktif',2),(25,'66f48c4a-63f9-482e-9008-d8a0cb55ec8c','aktif',2),(26,'460e6643-d717-4cfa-a472-42621705f277','aktif',2),(27,'b8c7aa52-3d30-4e02-82c7-09a1265c0164','aktif',2),(28,'4900a2b4-c6f2-49b9-accf-3cc113a05b0b','aktif',2),(29,'f10a6291-4d37-46e6-a893-0dec8d0ab6a0','aktif',2),(30,'e100efb6-d5c1-4d53-a9c7-06beb7dde5a6','aktif',2),(31,'49bd402a-ed10-448a-9dc7-5c6bf33c113c','inaktif',2),(32,'e2ef9895-7e69-42b3-9c69-7498a911dbf2','aktif',2),(33,'2ac5e9f4-43d6-411f-af25-ac0ff709c798','aktif',2),(34,'d68cc058-53d1-435b-b340-032e26f1753d','aktif',2),(35,'cb73844c-25d8-42b1-8c26-be55a7159909','aktif',2),(36,'4701fee8-6101-41aa-92b5-f8f3189f55f8','aktif',2),(37,'7ff7f7ae-932a-499b-a048-00f3505203f3','aktif',2),(38,'ce0d7262-b993-4f98-98e6-9c03513a3fd9','aktif',2),(39,'586e91e3-643d-44e8-b09c-d38e476a260d','aktif',2),(40,'51c0fbac-d5a0-4311-abcc-7ed5949d05ae','aktif',2),(41,'8a54a8a3-003b-4dbd-a1c5-7ad47c977e09','aktif',2),(42,'11e7aae7-8302-42a8-a837-0ca4a7a89a59','aktif',2),(43,'ac756222-20be-4453-9a0d-0753901f35e6','aktif',2),(44,'494a57e6-8588-4c3d-80ee-c97fb078cbee','aktif',2),(45,'874c7abc-aeff-44b7-9815-87208efa01ff','aktif',2),(46,'447f330c-c4cc-4191-afdf-58099acf5260','aktif',2),(47,'f583d5e2-ffb7-4abd-a00e-21ea1db15d04','aktif',2),(48,'04a56490-bb01-4708-9083-43a1424b3b92','aktif',2),(49,'645a924b-3c37-40d8-a4d6-ec50b517f58d','inaktif',2),(50,'6c60f700-0efd-41df-9381-405e23dfbe57','aktif',2),(51,'14c5767e-d961-4a42-99ac-b1fababf2d19','aktif',2),(52,'c080777a-6eba-42d4-a5eb-8f6e74d6dc40','aktif',2),(53,'5ee8802b-487c-46f7-9506-82a8ef3ff1b3','aktif',2),(54,'c788fb4e-9150-41ef-bea0-de98c8eede21','aktif',2),(55,'a15c2d93-1e5e-4a96-af72-74c5bb9fdc27','aktif',2),(56,'d177fa7c-44d6-44f4-a5eb-9583b6a7774a','aktif',2),(57,'fb8a05d6-dbce-4355-8c91-22a3e27e8390','aktif',2),(58,'b2f6469d-19ac-460a-80b7-3186f4cc1c3f','aktif',2),(59,'966974db-3307-47b4-a644-2b0df2f3ab9c','aktif',2),(60,'f64fa9ea-0d15-4bef-964f-78fb167edb7f','aktif',2),(61,'05547a7a-7a80-45e0-a64d-ba9001f698a9','aktif',2),(62,'708c5fa1-3bc1-45f6-a328-3132ddfa78ea','aktif',2),(63,'46d74678-6080-49bf-a65b-4923f86513b9','aktif',2),(64,'258fd8c8-c0ed-4cab-9e4f-dcd307882a63','aktif',2),(65,'89cd53a1-1833-4f2d-8444-47fdeb846cf1','aktif',2),(66,'8c5fb65c-0414-4d24-bdd4-3877127f2cff','aktif',2),(67,'fc47afd8-9185-4f92-9d5c-aa4b3e8fa4f0','aktif',2),(68,'fcb12866-8bc7-4201-aa8d-55ace51fadd1','aktif',2),(69,'e4ce6554-d2db-4d34-8bb5-2877f66f8dd7','aktif',2),(70,'ad7facc2-6d46-4eb4-9c07-633865a441b2','aktif',2),(71,'b675ec53-fc9a-4a70-8db9-e509f51be26e','aktif',2),(72,'e590c365-d1b1-495b-b39b-5622b36185ef','aktif',2),(73,'0f0abd2e-7804-4d75-b335-c6b06dc5f6dd','aktif',2),(74,'a9d30b60-c37f-46d7-bbe2-13d204901b78','aktif',2),(75,'86768ec8-2fa6-4adc-aac8-efb11d30861b','aktif',2),(76,'1a9d469d-c7b5-4c96-b06a-33aa8c2db82b','aktif',2),(77,'b65be65a-9f0a-43f9-a786-ae5f603e07f8','aktif',2),(78,'988777a9-4f42-418d-9e83-e8ecea1c3340','aktif',2),(79,'3c2ed17b-463e-4d28-8091-dcdfea2470eb','aktif',2),(80,'b7867b9e-2b24-4517-b7a3-6e1a411b2ca7','aktif',2),(81,'2a0354d9-7835-42e9-b713-8dce3066b360','aktif',2),(82,'aa907391-4ffe-47a0-8dc4-8b5ffab9702c','aktif',2),(83,'c94ae83e-be13-49a0-88d4-2af82f80268e','inaktif',2),(84,'e5c59002-f1e6-4476-8c0f-11667faecf70','aktif',2),(85,'73ea9f0a-7cd1-4313-b5a5-b3800455b4bf','aktif',2),(86,'756360ea-5b35-49e4-9afd-703ffef59778','aktif',2),(87,'ee9161f7-4fa9-4c11-9bf8-734ea801a6ee','aktif',2),(88,'c5e1a576-cad9-49fb-9fb0-06b6b2b54cbf','aktif',2),(89,'6b30b69d-7fad-48b7-b9c3-c36d8d2602d6','aktif',2),(90,'04635dc7-1004-4e11-b888-daecc1882675','aktif',2),(91,'68e59b71-0ca6-4ff7-9037-ce55d7fda694','aktif',2),(92,'97c77d9b-6a6b-4b79-8f5e-0d3565920072','aktif',2),(93,'27041b41-e513-462c-ac01-afee860b0083','aktif',2),(94,'d0c3fe90-e83c-4efa-a822-56107bf1ed02','aktif',2),(95,'41a854f7-b82e-423e-a95c-07f766abc387','aktif',2),(96,'59cde98c-61ae-4abd-aa1c-efefc05ed834','aktif',2),(97,'c99b151e-cd1f-4816-9503-4a122372907c','aktif',2),(98,'b129a128-556d-4080-b393-7523d9086be2','aktif',2),(99,'c21b8518-f3aa-48b2-b159-8a29f9e4f44a','aktif',2),(100,'262c3f46-b8fb-4214-8e57-42d7b89ecab9','aktif',2),(101,'4549d78b-33dc-43c1-ba5b-f945b0ea9cde','aktif',2),(102,'7b4460c0-e535-4db8-aab6-e2a9694928ca','aktif',2),(103,'7ae30818-49ad-41b9-8886-4658aca6a519','aktif',2),(104,'fca39b17-7949-46b5-8424-220cebf200cc','aktif',2),(105,'6daa2758-a339-4b9e-9471-9ef5762a29d5','aktif',2),(106,'8c4748e3-5e8c-4fa1-992c-ee4cee06a543','aktif',2),(107,'12637181-7db3-47c3-b390-4477dde21ee3','aktif',2),(108,'fc6daee6-12cb-4c04-b4bf-09289b04a19f','aktif',2),(109,'c2137e59-3134-4615-8d02-18b987a1fa6f','aktif',2),(110,'bd9ae597-fe22-452b-b539-879998becca4','aktif',2),(111,'cc44ef3f-c7f8-4f53-83fb-a4365590c40b','aktif',2),(112,'13e18743-9e35-4cf4-84f0-2a51ddd99e58','aktif',2),(113,'48c961ba-1af2-4ccc-ac65-263814c268cf','aktif',2),(114,'38901ab1-1ec1-4c43-9b20-0b8c594721ae','aktif',2),(115,'5b784ffa-d20c-4a06-bf32-70ed38e18a0e','aktif',2),(116,'ee326382-e12c-4cbb-b0e9-a11dd988c37c','aktif',2),(117,'55cc5fa6-f4ce-4b11-ba01-592c789b55a2','aktif',2),(118,'07e33a25-d0ba-47f3-9a04-03c23115a995','aktif',2),(119,'5e4a60fa-2515-4b66-abda-dd6c5b28da15','aktif',2),(120,'246d4f18-c4d8-4494-8c6b-bd67cb682ba2','aktif',2),(121,'c2933b07-ce78-4085-b615-75b1efeb51a5','aktif',2),(122,'7886c2e2-425f-456f-8da9-ac9b86f8d9ca','aktif',2),(123,'9f0c7417-049b-40e6-ae7b-7ca252394b1a','aktif',2),(124,'8e5e098c-adff-48f5-9bdc-2c54c9ba79f0','aktif',2),(125,'016142fa-d28f-47ac-afba-41f0ba1a8cc2','aktif',2),(126,'f6d3385d-ceb1-43c9-9a7e-ab1c021e8368','aktif',2),(127,'c9824d0a-7797-4031-850c-120d1a3e2214','aktif',2),(128,'3302f289-bcbd-45bd-99b3-b3a76c4b1d50','aktif',2),(129,'3ba431e8-0b75-4e40-b335-b5684380cb3d','aktif',2),(130,'34c1845a-69da-48be-97f0-15eded05eb8a','aktif',2),(131,'3411cc79-ad75-48d1-8eec-6a2bacac3c5c','aktif',2),(132,'3fdfe237-988f-4350-9c00-a3ea3d9679d5','aktif',2),(133,'9e481216-821b-4fe3-a52a-1345f99bdb41','aktif',2),(134,'ccf08d96-7a70-43bd-a140-86ea9c108a98','aktif',2),(135,'6b03a6c4-39cf-4538-8adb-e6d7819ba1d8','aktif',2),(136,'a3cf932f-a4c6-4ad7-a9f4-b1b1a9d8f50d','aktif',2),(137,'7b5007f1-b4cb-4eea-a6f7-6bb45b192c1d','aktif',2),(138,'3fc58e18-0b01-4dda-a17b-daf00ee9fa90','aktif',2),(139,'bbf74fc7-daf5-49f4-be4c-4f8ddd8b0b1e','aktif',2),(140,'794f0147-bb05-4826-9d56-f90769768ad4','aktif',2),(141,'6051e9ba-b135-4827-b04c-77f2b0e3395f','aktif',2),(142,'bd42259d-a5c7-46ca-9830-735ae1bde650','aktif',2),(143,'387d22d7-847d-4622-8fe6-98c220a23dff','aktif',2),(144,'7bd23718-881d-41a4-af98-7d038392bb3d','aktif',2),(145,'b2457e37-94a4-4ff2-b276-c96a920ca34d','aktif',2),(146,'0d27e19b-d063-4936-a821-777a6eb29094','aktif',2),(147,'367daafb-8b2b-4c50-9d6b-c44f48d18ff5','aktif',2),(148,'42f00dd3-a2c1-4054-b693-17c2580e1d67','aktif',2),(149,'849bc3db-3ac5-40c9-80ba-c8826abadc53','aktif',2),(150,'4ea6717c-41fa-46e8-83e9-1f3c72807eb9','aktif',2),(151,'52c47511-00f4-4467-979f-e5f1f60fc21b','aktif',2),(152,'e0e9d58e-c889-49d0-930f-6d2c5d308acb','aktif',2),(153,'1c4e3ece-c564-42eb-86f6-92231a13deac','aktif',2),(154,'9184c665-4bb5-4ea7-8466-0f46ae20e702','aktif',2),(155,'5d36d020-129c-4fb7-a128-f4a78b26ca20','aktif',2),(156,'4e65359f-4709-4c4f-8860-dc97bb7300fe','aktif',2),(157,'21812b42-d0b5-46aa-9eb0-91e76ae0a93f','aktif',2),(158,'8f49d17c-2b59-478f-9dc8-6abf836ddb98','aktif',2),(159,'26168927-501c-4ce9-8de7-64945eab5c92','aktif',2),(160,'c930c7ec-236e-452d-808e-df9bd7ed890b','aktif',2),(161,'754e3da0-06ad-47a2-8be6-7c7067db30ac','aktif',2),(162,'feee9ed3-6003-4f00-bf55-5c9d03d0da1d','aktif',2),(163,'369465d8-9e03-4bde-a71a-8db37a4d2ef5','aktif',2),(164,'5f2c03f4-05c6-469a-aa7f-7720cceaa510','aktif',2),(165,'cd076eb2-c9ce-4584-bb21-5000122435d6','aktif',2),(166,'8fb7094e-45c2-4c20-b58d-6e507818b0b5','aktif',2),(167,'d9805dcc-174f-46cd-994e-10b8f28e547c','aktif',2),(168,'bbda50ec-75fc-4090-b008-66180c9d95f4','aktif',2),(169,'75677b74-a88b-4ec1-9efa-135908d1e435','inaktif',2),(170,'7bd21a84-a81e-4f47-97ff-d2e8a5fc0986','aktif',2),(171,'0cf1316a-0cd3-4cc3-b942-94239ded887d','aktif',2),(172,'c71d8588-8ec1-4d80-8eb7-e4649952840b','aktif',2),(173,'6ae913bc-fa51-4eb2-92ff-400818dab023','aktif',2),(174,'c74d5701-4334-4735-9b2e-94686e4fd3b1','aktif',2),(175,'5d61f090-506b-4a44-9de3-68855ae89d16','aktif',2),(176,'55fce910-250d-477b-8f9a-2304c4261db5','inaktif',2),(177,'cf53c00f-242b-4523-b9bd-03c1dc4e1812','aktif',2),(178,'7228621f-afcd-4cfd-b292-b744629253a9','aktif',2),(179,'75a964a5-ab8c-4dbf-900b-3d8841cda085','aktif',2),(180,'b6d8c5fe-ebdf-45ed-856c-dca7de879c4b','aktif',2),(181,'c4f8b149-1158-4fd7-9aff-b6ddbc20117d','aktif',2),(182,'865f457f-4a0e-451a-8a49-672113e0fcc9','aktif',2),(183,'19806175-9e1b-4132-a418-82dba01fb852','aktif',2),(184,'d964d98a-0f8e-4027-adeb-2e717b5abb71','aktif',2),(185,'ab5355c6-783b-4e6a-96bf-0135b3bf2e55','aktif',2),(186,'70a125db-aeed-462a-9b6a-830eae29e38e','aktif',2),(187,'c93057bb-f477-43b5-a9d5-6f82ab4cce67','aktif',2),(188,'f4c60462-48f8-4bb2-8c99-6bb0201dae00','aktif',2),(189,'750e57b7-7329-4355-882e-5ae0046f5a78','aktif',2),(190,'8aae2276-ccaf-4a83-915e-ba9543ebbfdf','aktif',2),(191,'855cc21e-1bb2-4565-b402-8f198c41c2fe','aktif',2),(192,'a0282e7c-94e6-4dc2-9b2a-254b868b8599','aktif',2),(193,'22061e7e-e4aa-43af-a39c-1ad7690c4f04','aktif',2),(194,'67574cfb-4ceb-4d5f-b26b-1dca2332db7e','aktif',2),(195,'c00a661b-0fa4-4f9b-af4f-7e6bd5ee766d','aktif',2),(196,'985242a7-24a7-4359-b1be-a5ff12fa1d50','aktif',2),(197,'924dfecc-7b81-44ac-9c5a-04e621b4d6bb','aktif',2),(198,'8327502c-3467-44c7-979f-8cf0342361a8','aktif',2),(199,'cf315ebc-8669-4648-98e3-55b35b5566e4','aktif',2),(200,'0316c237-3c06-4a13-aae1-c80020268963','aktif',2),(201,'b47f8113-fa86-4ca2-a097-42e71c40fcaf','aktif',2),(202,'dd1c8b92-cb08-4680-9394-a1bada7a3015','aktif',2),(203,'b86865ad-a19e-45ac-befd-2670731c9a14','aktif',2),(204,'5eee945b-c72e-4472-8955-d91c77920263','aktif',2),(205,'9b3b43fb-9625-4d15-b481-3e96b7384982','aktif',2),(206,'e097b67f-c7ee-481e-aca0-aa6dfc209b02','aktif',2),(207,'a41cb282-363d-4f96-832f-d7e389a57da7','aktif',2),(208,'e96e55ee-ac51-4fc9-8bbc-9ea414258904','aktif',2),(209,'da23829f-c2d5-4d5e-8846-4cc2ccfabd63','aktif',2),(210,'cb6955a7-b8fe-4321-92a6-9ff8b601d210','aktif',2),(211,'517d51d0-b915-4b7d-90f6-1715bcc864a6','aktif',2),(212,'28dae17d-6cc6-441f-8de9-c18c12f1b8fa','aktif',2),(213,'41f7f824-eaeb-42ec-a5b8-6d50fff29caa','aktif',2),(214,'cd716570-b4a7-42a1-9528-8d370b12acf2','aktif',2),(215,'c37f2496-0b0c-4502-aab2-1e1c97d24205','aktif',2),(216,'06cc8402-a11d-4358-bf46-6a13ce873447','aktif',2),(217,'e6a6430d-d563-494a-b99d-ecdcf4f0ad3a','aktif',2),(218,'14ec27f2-1a0d-4d3e-9bd1-33b0df13b597','aktif',2),(219,'af34dd65-540f-417f-953f-107c4778300b','aktif',2),(220,'76280db7-d33c-472b-bb7f-461da453ae93','aktif',2),(221,'1373675f-cb44-439e-9833-5b54f9531d9e','aktif',2),(222,'ae1a9824-ab6c-4e15-aa8a-11672d14d420','aktif',2),(223,'ca80af0a-8a81-48a1-8f95-8aa4792a1306','aktif',2),(224,'e7d405cb-435b-449f-92fa-6ec2cb75c7c1','aktif',2),(225,'0ae265f0-a862-42f0-bd45-d1bf87daeb2f','aktif',2),(226,'279b6bf8-f0a0-490e-b125-ef186451aec8','inaktif',2),(227,'abcde','aktif',5),(228,'22601335-1930-4956-9e35-96b15f3d1f74','inaktif',7),(229,'bf2c5ce0-6b0f-4d69-ba63-7fadcbebb243','inaktif',2),(230,'77bd7c99-b608-41fd-872f-731338d79fba','inaktif',7),(231,'390b9094-3607-4f0b-87f8-cb4ab82fdc00','inaktif',8),(232,'4fcd8ede-4fc5-470b-82a0-d0a928638d05','aktif',7);
/*!40000 ALTER TABLE `token` ENABLE KEYS */;
UNLOCK TABLES;

--
-- Table structure for table `voucherpembelian`
--

DROP TABLE IF EXISTS `voucherpembelian`;
/*!40101 SET @saved_cs_client     = @@character_set_client */;
/*!40101 SET character_set_client = utf8 */;
CREATE TABLE `voucherpembelian` (
  `voucherpembelianID` int(11) NOT NULL AUTO_INCREMENT,
  `supplierID` int(11) DEFAULT NULL,
  `jumlah` int(11) DEFAULT NULL,
  `jumlah_awal` int(11) DEFAULT NULL,
  `returpembelianID` int(11) DEFAULT NULL,
  PRIMARY KEY (`voucherpembelianID`),
  KEY `supplierID` (`supplierID`),
  KEY `returpembelianID` (`returpembelianID`),
  CONSTRAINT `voucherpembelian_ibfk_1` FOREIGN KEY (`supplierID`) REFERENCES `supplier` (`supplierID`),
  CONSTRAINT `voucherpembelian_ibfk_2` FOREIGN KEY (`returpembelianID`) REFERENCES `returpembelian` (`returpembelianID`)
) ENGINE=InnoDB AUTO_INCREMENT=2 DEFAULT CHARSET=latin1;
/*!40101 SET character_set_client = @saved_cs_client */;

--
-- Dumping data for table `voucherpembelian`
--

LOCK TABLES `voucherpembelian` WRITE;
/*!40000 ALTER TABLE `voucherpembelian` DISABLE KEYS */;
INSERT INTO `voucherpembelian` VALUES (1,7,9000,9000,2);
/*!40000 ALTER TABLE `voucherpembelian` ENABLE KEYS */;
UNLOCK TABLES;

--
-- Table structure for table `voucherpenjualan`
--

DROP TABLE IF EXISTS `voucherpenjualan`;
/*!40101 SET @saved_cs_client     = @@character_set_client */;
/*!40101 SET character_set_client = utf8 */;
CREATE TABLE `voucherpenjualan` (
  `voucherpenjualanID` int(11) NOT NULL AUTO_INCREMENT,
  `pelangganID` int(11) DEFAULT NULL,
  `jumlah` int(11) DEFAULT NULL,
  `jumlah_awal` int(11) DEFAULT NULL,
  `returpenjualanID` int(11) DEFAULT NULL,
  PRIMARY KEY (`voucherpenjualanID`),
  KEY `pelangganID` (`pelangganID`),
  KEY `returpenjualanID` (`returpenjualanID`),
  CONSTRAINT `voucherpenjualan_ibfk_1` FOREIGN KEY (`pelangganID`) REFERENCES `pelanggan` (`pelangganID`),
  CONSTRAINT `voucherpenjualan_ibfk_2` FOREIGN KEY (`returpenjualanID`) REFERENCES `returpenjualan` (`returpenjualanID`)
) ENGINE=InnoDB DEFAULT CHARSET=latin1;
/*!40101 SET character_set_client = @saved_cs_client */;

--
-- Dumping data for table `voucherpenjualan`
--

LOCK TABLES `voucherpenjualan` WRITE;
/*!40000 ALTER TABLE `voucherpenjualan` DISABLE KEYS */;
/*!40000 ALTER TABLE `voucherpenjualan` ENABLE KEYS */;
UNLOCK TABLES;
/*!40103 SET TIME_ZONE=@OLD_TIME_ZONE */;

/*!40101 SET SQL_MODE=@OLD_SQL_MODE */;
/*!40014 SET FOREIGN_KEY_CHECKS=@OLD_FOREIGN_KEY_CHECKS */;
/*!40014 SET UNIQUE_CHECKS=@OLD_UNIQUE_CHECKS */;
/*!40101 SET CHARACTER_SET_CLIENT=@OLD_CHARACTER_SET_CLIENT */;
/*!40101 SET CHARACTER_SET_RESULTS=@OLD_CHARACTER_SET_RESULTS */;
/*!40101 SET COLLATION_CONNECTION=@OLD_COLLATION_CONNECTION */;
/*!40111 SET SQL_NOTES=@OLD_SQL_NOTES */;

-- Dump completed on 2016-12-05  9:18:12
